date,gross_return,turnover,spread_cost,impact_cost,borrow_cost,net_return,cumulative_net,gate
2020-02-03,0.0,0.0,0.0,0.0,0.0,0.0,0.0,0
2020-02-04,0.0,0.0,0.0,0.0,0.0,0.0,0.0,0
2020-02-05,0.0,0.0,0.0,0.0,0.0,0.0,0.0,0
2020-02-06,0.0,0.0,0.0,0.0,0.0,0.0,0.0,0
2020-02-07,0.0,0.0,0.0,0.0,0.0,0.0,0.0,0
2020-02-10,0.0070395739749073,1.0,0.0005,0.0,0.0,0.006539573974907301,0.006539573974907301,1
2020-02-11,0.0,1.0,0.0005,0.0,0.0,-0.0005,0.0060395739749073,1
2020-02-12,0.0,0.0,0.0,0.0,0.0,0.0,0.0060395739749073,1
2020-02-13,-0.0056981272064149,1.0,0.0005,0.0,0.0,-0.0061981272064149,-0.00015855323150760006,1
2020-02-14,0.0048612239770591,0.0,0.0,0.0,0.0,0.0048612239770591,0.0047026707455515,1
2020-02-17,-0.0004013816360384,0.0,0.0,0.0,0.0,-0.0004013816360384,0.0043012891095131,1
2020-02-18,-0.0077117127366364,0.0,0.0,0.0,0.0,-0.0077117127366364,-0.0034104236271233004,1
2020-02-19,-0.005490802694112,0.0,0.0,0.0,0.0,-0.005490802694112,-0.0089012263212353,1
2020-02-20,-0.0126952286809682,0.0,0.0,0.0,0.0,-0.0126952286809682,-0.021596455002203502,1
2020-02-21,-0.0012982886983081,0.0,0.0,0.0,0.0,-0.0012982886983081,-0.022894743700511602,1
2020-02-24,-0.0166945606470108,0.0,0.0,0.0,0.0,-0.0166945606470108,-0.039589304347522405,1
2020-02-25,0.0134287653490901,0.0,0.0,0.0,0.0,0.0134287653490901,-0.026160538998432306,1
2020-02-26,0.0061340164393186,0.0,0.0,0.0,0.0,0.0061340164393186,-0.020026522559113705,1
2020-02-27,-0.0091942176222801,0.0,0.0,0.0,0.0,-0.0091942176222801,-0.029220740181393805,1
2020-02-28,-0.0165506862103939,0.0,0.0,0.0,0.0,-0.0165506862103939,-0.0457714263917877,1
2020-03-02,0.0027403070125728,0.0,0.0,0.0,0.0,0.0027403070125728,-0.0430311193792149,1
2020-03-03,-0.018544590100646,0.0,0.0,0.0,0.0,-0.018544590100646,-0.06157570947986091,1
2020-03-04,0.0,1.0,0.0005,0.0,0.0,-0.0005,-0.06207570947986091,1
2020-03-05,-0.0034346738830208,1.0,0.0005,0.0,1.984126984126984e-05,-0.00395451515286207,-0.06603022463272298,1
2020-03-06,0.0062883873470127,0.0,0.0,0.0,1.984126984126984e-05,0.0062685460771714305,-0.059761678555551555,1
2020-03-09,-0.0,1.0,0.0005,0.0,0.0,-0.0005,-0.060261678555551555,1
2020-03-10,0.0102823274210095,1.0,0.0005,0.0,0.0,0.0097823274210095,-0.05047935113454206,1
2020-03-11,-0.0296360943466424,0.0,0.0,0.0,0.0,-0.0296360943466424,-0.08011544548118446,1
2020-03-12,-0.0288228932768106,0.0,0.0,0.0,0.0,-0.0288228932768106,-0.10893833875799507,1
2020-03-13,0.0279114935547113,0.0,0.0,0.0,0.0,0.0279114935547113,-0.08102684520328376,1
2020-03-16,-0.0514673851430416,0.0,0.0,0.0,0.0,-0.0514673851430416,-0.13249423034632535,1
2020-03-17,0.0190753173083066,0.0,0.0,0.0,0.0,0.0190753173083066,-0.11341891303801875,1
2020-03-18,-0.0579416118562221,0.0,0.0,0.0,0.0,-0.0579416118562221,-0.17136052489424086,1
2020-03-19,-0.1093596369028091,0.0,0.0,0.0,0.0,-0.1093596369028091,-0.28072016179704995,1
2020-03-20,0.0441624671220779,0.0,0.0,0.0,0.0,0.0441624671220779,-0.23655769467497206,1
2020-03-23,0.0054178377613425,0.0,0.0,0.0,0.0,0.0054178377613425,-0.23113985691362957,1
2020-03-24,0.0,1.0,0.0005,0.0,0.0,-0.0005,-0.23163985691362957,1
2020-03-25,0.0,0.0,0.0,0.0,0.0,0.0,-0.23163985691362957,0
2020-03-26,0.0,0.0,0.0,0.0,0.0,0.0,-0.23163985691362957,0
2020-03-27,0.0,0.0,0.0,0.0,0.0,0.0,-0.23163985691362957,0
2020-03-30,0.0,0.0,0.0,0.0,0.0,0.0,-0.23163985691362957,0
2020-03-31,0.0,0.0,0.0,0.0,0.0,0.0,-0.23163985691362957,0
2020-04-01,0.0,0.0,0.0,0.0,0.0,0.0,-0.23163985691362957,0
2020-04-02,0.0,0.0,0.0,0.0,0.0,0.0,-0.23163985691362957,0
2020-04-03,0.0,0.0,0.0,0.0,0.0,0.0,-0.23163985691362957,0
2020-04-06,0.0,0.0,0.0,0.0,0.0,0.0,-0.23163985691362957,0
2020-04-07,0.0,0.0,0.0,0.0,0.0,0.0,-0.23163985691362957,0
2020-04-08,0.0,0.0,0.0,0.0,0.0,0.0,-0.23163985691362957,0
2020-04-09,0.0,0.0,0.0,0.0,0.0,0.0,-0.23163985691362957,0
2020-04-10,0.0134941646829247,1.0,0.0005,0.0,0.0,0.0129941646829247,-0.21864569223070487,1
2020-04-13,0.0,1.0,0.0,0.0,0.0,0.0,-0.21864569223070487,0
2020-04-14,0.0,0.0,0.0,0.0,0.0,0.0,-0.21864569223070487,0
2020-04-16,0.0,0.0,0.0,0.0,0.0,0.0,-0.21864569223070487,0
2020-04-17,0.0,0.0,0.0,0.0,0.0,0.0,-0.21864569223070487,0
2020-04-20,0.0,0.0,0.0,0.0,0.0,0.0,-0.21864569223070487,0
2020-04-21,0.0,0.0,0.0,0.0,0.0,0.0,-0.21864569223070487,0
2020-04-22,0.0,0.0,0.0,0.0,0.0,0.0,-0.21864569223070487,0
2020-04-23,0.0,0.0,0.0,0.0,0.0,0.0,-0.21864569223070487,0
2020-04-24,0.0,0.0,0.0,0.0,0.0,0.0,-0.21864569223070487,0
2020-04-27,0.0,0.0,0.0,0.0,0.0,0.0,-0.21864569223070487,0
2020-04-28,0.0,0.0,0.0,0.0,0.0,0.0,-0.21864569223070487,0
2020-04-29,0.0,0.0,0.0,0.0,0.0,0.0,-0.21864569223070487,0
2020-05-04,0.0,0.0,0.0,0.0,0.0,0.0,-0.21864569223070487,0
2020-05-06,0.0,0.0,0.0,0.0,0.0,0.0,-0.21864569223070487,0
2020-05-07,0.0,0.0,0.0,0.0,0.0,0.0,-0.21864569223070487,0
2020-05-08,0.0,0.0,0.0,0.0,0.0,0.0,-0.21864569223070487,0
2020-05-11,0.0,0.0,0.0,0.0,0.0,0.0,-0.21864569223070487,0
2020-05-12,0.0085215978324413,1.0,0.0005,0.0,1.984126984126984e-05,0.00800175656260003,-0.21064393566810485,1
2020-05-13,-0.0223672371357679,0.0,0.0,0.0,1.984126984126984e-05,-0.02238707840560917,-0.23303101407371402,1
2020-05-14,-0.00130998599343,0.0,0.0,0.0,1.984126984126984e-05,-0.0013298272632712698,-0.2343608413369853,1
2020-05-15,0.0053558815270662,0.0,0.0,0.0,1.984126984126984e-05,0.005336040257224931,-0.22902480107976037,1
2020-05-18,-0.0013430946273729,0.0,0.0,0.0,1.984126984126984e-05,-0.0013629358972141697,-0.23038773697697454,1
2020-05-19,-0.0015866355970501,0.0,0.0,0.0,1.984126984126984e-05,-0.0016064768668913698,-0.2319942138438659,1
2020-05-20,-0.0088446214795112,0.0,0.0,0.0,1.984126984126984e-05,-0.00886446274935247,-0.24085867659321836,1
2020-05-21,0.0024440248962491,0.0,0.0,0.0,1.984126984126984e-05,0.00242418362640783,-0.23843449296681052,1
2020-05-22,0.0158473160117864,0.0,0.0,0.0,1.984126984126984e-05,0.015827474741945128,-0.2226070182248654,1
2020-05-25,-0.0070891245268285,0.0,0.0,0.0,1.984126984126984e-05,-0.007108965796669769,-0.22971598402153517,1
2020-05-26,-0.0142803713679313,0.0,0.0,0.0,1.984126984126984e-05,-0.01430021263777257,-0.24401619665930774,1
2020-05-27,-0.0016259404364973,0.0,0.0,0.0,1.984126984126984e-05,-0.00164578170633857,-0.2456619783656463,1
2020-05-28,0.0090980241075158,0.0,0.0,0.0,1.984126984126984e-05,0.00907818283767453,-0.23658379552797176,1
2020-05-29,-0.0055484645999968,0.0,0.0,0.0,1.984126984126984e-05,-0.00556830586983807,-0.24215210139780982,1
2020-06-01,0.0,1.0,0.0005,0.0,0.0,-0.0005,-0.24265210139780982,1
2020-06-02,0.0,0.0,0.0,0.0,0.0,0.0,-0.24265210139780982,1
2020-06-03,-0.0180709883570671,1.0,0.0005,0.0,1.984126984126984e-05,-0.018590829626908372,-0.2612429310247182,1
2020-06-04,0.0140603417530655,0.0,0.0,0.0,1.984126984126984e-05,0.014040500483224229,-0.24720243054149396,1
2020-06-05,-0.0141705172136425,0.0,0.0,0.0,1.984126984126984e-05,-0.01419035848348377,-0.26139278902497776,1
2020-06-08,-0.0,1.0,0.0005,0.0,0.0,-0.0005,-0.26189278902497776,1
2020-06-09,-0.0,0.0,0.0,0.0,0.0,-0.0,-0.26189278902497776,1
2020-06-10,0.0,0.0,0.0,0.0,0.0,0.0,-0.26189278902497776,1
2020-06-11,-0.0,0.0,0.0,0.0,0.0,-0.0,-0.26189278902497776,1
2020-06-12,0.0,0.0,0.0,0.0,0.0,0.0,-0.26189278902497776,1
2020-06-15,0.0403361469507217,1.0,0.0005,0.0,1.984126984126984e-05,0.03981630568088043,-0.22207648334409733,1
2020-06-16,0.0,1.0,0.0005,0.0,0.0,-0.0005,-0.22257648334409733,1
2020-06-17,0.0,0.0,0.0,0.0,0.0,0.0,-0.22257648334409733,1
2020-06-18,-0.0004077562480233,1.0,0.0005,0.0,0.0,-0.0009077562480233,-0.22348423959212063,1
2020-06-19,-0.0,1.0,0.0005,0.0,0.0,-0.0005,-0.22398423959212063,1
2020-06-22,0.0001646313758101,1.0,0.0005,0.0,0.0,-0.0003353686241899,-0.22431960821631053,1
2020-06-23,-0.0,1.0,0.0005,0.0,0.0,-0.0005,-0.22481960821631053,1
2020-06-24,0.0,0.0,0.0,0.0,0.0,0.0,-0.22481960821631053,1
2020-06-25,-0.0,0.0,0.0,0.0,0.0,-0.0,-0.22481960821631053,1
2020-06-26,-0.0,0.0,0.0,0.0,0.0,-0.0,-0.22481960821631053,1
2020-06-29,-0.0,0.0,0.0,0.0,0.0,-0.0,-0.22481960821631053,1
2020-06-30,-0.0,0.0,0.0,0.0,0.0,-0.0,-0.22481960821631053,1
2020-07-01,-0.0,0.0,0.0,0.0,0.0,-0.0,-0.22481960821631053,1
2020-07-02,0.0,0.0,0.0,0.0,0.0,0.0,-0.22481960821631053,1
2020-07-03,0.0021021887660026,1.0,0.0005,0.0,0.0,0.0016021887660026,-0.22321741945030793,1
2020-07-06,0.0133338905870914,0.0,0.0,0.0,0.0,0.0133338905870914,-0.20988352886321654,1
2020-07-07,-0.0173473414033651,0.0,0.0,0.0,0.0,-0.0173473414033651,-0.22723087026658165,1
2020-07-08,-0.0,1.0,0.0005,0.0,0.0,-0.0005,-0.22773087026658165,1
2020-07-09,-0.0,0.0,0.0,0.0,0.0,-0.0,-0.22773087026658165,1
2020-07-10,-0.0,0.0,0.0,0.0,0.0,-0.0,-0.22773087026658165,1
2020-07-13,0.0,0.0,0.0,0.0,0.0,0.0,-0.22773087026658165,1
2020-07-14,0.0,0.0,0.0,0.0,0.0,0.0,-0.22773087026658165,1
2020-07-15,-0.0,0.0,0.0,0.0,0.0,-0.0,-0.22773087026658165,1
2020-07-16,-0.0,0.0,0.0,0.0,0.0,-0.0,-0.22773087026658165,1
2020-07-17,0.0,0.0,0.0,0.0,0.0,0.0,-0.22773087026658165,1
2020-07-20,-0.0,0.0,0.0,0.0,0.0,-0.0,-0.22773087026658165,1
2020-07-21,0.0,0.0,0.0,0.0,0.0,0.0,-0.22773087026658165,1
2020-07-22,0.0,0.0,0.0,0.0,0.0,0.0,-0.22773087026658165,1
2020-07-23,-0.0,0.0,0.0,0.0,0.0,-0.0,-0.22773087026658165,1
2020-07-24,0.0,0.0,0.0,0.0,0.0,0.0,-0.22773087026658165,1
2020-07-27,0.0,0.0,0.0,0.0,0.0,0.0,-0.22773087026658165,1
2020-07-28,0.0,0.0,0.0,0.0,0.0,0.0,-0.22773087026658165,1
2020-07-29,0.0,0.0,0.0,0.0,0.0,0.0,-0.22773087026658165,1
2020-07-30,-0.0,0.0,0.0,0.0,0.0,-0.0,-0.22773087026658165,1
2020-07-31,-0.0,0.0,0.0,0.0,0.0,-0.0,-0.22773087026658165,1
2020-08-03,-0.0,0.0,0.0,0.0,0.0,-0.0,-0.22773087026658165,1
2020-08-04,0.0,0.0,0.0,0.0,0.0,0.0,-0.22773087026658165,1
2020-08-05,0.0,0.0,0.0,0.0,0.0,0.0,-0.22773087026658165,1
2020-08-06,0.0,0.0,0.0,0.0,0.0,0.0,-0.22773087026658165,1
2020-08-07,0.0,0.0,0.0,0.0,0.0,0.0,-0.22773087026658165,1
2020-08-10,0.0,0.0,0.0,0.0,0.0,0.0,-0.22773087026658165,1
2020-08-11,-0.0093711363151669,1.0,0.0005,0.0,1.984126984126984e-05,-0.00989097758500817,-0.23762184785158982,1
2020-08-12,-0.0072497106157243,0.0,0.0,0.0,1.984126984126984e-05,-0.00726955188556557,-0.2448913997371554,1
2020-08-13,0.0072555760852992,0.0,0.0,0.0,1.984126984126984e-05,0.00723573481545793,-0.23765566492169748,1
2020-08-14,0.0084214257076382,0.0,0.0,0.0,1.984126984126984e-05,0.008401584437796929,-0.22925408048390056,1
2020-08-18,0.0242330450564622,0.0,0.0,0.0,1.984126984126984e-05,0.02421320378662093,-0.20504087669727963,1
2020-08-19,0.0043666027486324,0.0,0.0,0.0,1.984126984126984e-05,0.00434676147879113,-0.2006941152184885,1
2020-08-20,0.0284753050655126,0.0,0.0,0.0,1.984126984126984e-05,0.02845546379567133,-0.1722386514228172,1
2020-08-21,0.0006809409824199,0.0,0.0,0.0,1.984126984126984e-05,0.0006610997125786302,-0.17157755171023856,1
2020-08-24,-0.0088162971660494,0.0,0.0,0.0,1.984126984126984e-05,-0.008836138435890671,-0.18041369014612924,1
2020-08-25,-0.0061794854700565,0.0,0.0,0.0,1.984126984126984e-05,-0.00619932673989777,-0.186613016886027,1
2020-08-26,-0.000667113403324,0.0,0.0,0.0,1.984126984126984e-05,-0.0006869546731652698,-0.18729997155919226,1
2020-08-27,0.0116615686565637,0.0,0.0,0.0,1.984126984126984e-05,0.01164172738672243,-0.17565824417246984,1
2020-08-28,0.0035707782953977,0.0,0.0,0.0,1.984126984126984e-05,0.00355093702555643,-0.1721073071469134,1
2020-08-31,0.0216539818793535,0.0,0.0,0.0,1.984126984126984e-05,0.02163414060951223,-0.15047316653740117,1
2020-09-01,0.0,1.0,0.0005,0.0,0.0,-0.0005,-0.15097316653740117,1
2020-09-02,0.0,0.0,0.0,0.0,0.0,0.0,-0.15097316653740117,1
2020-09-03,0.0,0.0,0.0,0.0,0.0,0.0,-0.15097316653740117,1
2020-09-04,0.0,0.0,0.0,0.0,0.0,0.0,-0.15097316653740117,1
2020-09-07,0.0,0.0,0.0,0.0,0.0,0.0,-0.15097316653740117,1
2020-09-08,-0.0,0.0,0.0,0.0,0.0,-0.0,-0.15097316653740117,1
2020-09-09,0.0,0.0,0.0,0.0,0.0,0.0,-0.15097316653740117,1
2020-09-10,-0.0,0.0,0.0,0.0,0.0,-0.0,-0.15097316653740117,1
2020-09-11,0.0,0.0,0.0,0.0,0.0,0.0,-0.15097316653740117,1
2020-09-14,0.0,0.0,0.0,0.0,0.0,0.0,-0.15097316653740117,1
2020-09-15,0.0,0.0,0.0,0.0,0.0,0.0,-0.15097316653740117,1
2020-09-16,-0.0,0.0,0.0,0.0,0.0,-0.0,-0.15097316653740117,1
2020-09-17,-0.0,0.0,0.0,0.0,0.0,-0.0,-0.15097316653740117,1
2020-09-18,-0.0,0.0,0.0,0.0,0.0,-0.0,-0.15097316653740117,1
2020-09-21,-0.0,0.0,0.0,0.0,0.0,-0.0,-0.15097316653740117,1
2020-09-22,-0.0,0.0,0.0,0.0,0.0,-0.0,-0.15097316653740117,1
2020-09-23,-0.0,0.0,0.0,0.0,0.0,-0.0,-0.15097316653740117,1
2020-09-24,-0.0,0.0,0.0,0.0,0.0,-0.0,-0.15097316653740117,1
2020-09-25,-0.0,0.0,0.0,0.0,0.0,-0.0,-0.15097316653740117,1
2020-09-28,0.0,0.0,0.0,0.0,0.0,0.0,-0.15097316653740117,1
2020-09-29,-0.0,0.0,0.0,0.0,0.0,-0.0,-0.15097316653740117,1
2020-10-05,0.0,0.0,0.0,0.0,0.0,0.0,-0.15097316653740117,1
2020-10-06,-0.0,0.0,0.0,0.0,0.0,-0.0,-0.15097316653740117,1
2020-10-07,0.0,0.0,0.0,0.0,0.0,0.0,-0.15097316653740117,1
2020-10-08,-0.0,0.0,0.0,0.0,0.0,-0.0,-0.15097316653740117,1
2020-10-12,-0.0,0.0,0.0,0.0,0.0,-0.0,-0.15097316653740117,1
2020-10-13,-0.0,0.0,0.0,0.0,0.0,-0.0,-0.15097316653740117,1
2020-10-14,-0.0,0.0,0.0,0.0,0.0,-0.0,-0.15097316653740117,1
2020-10-15,-0.0,0.0,0.0,0.0,0.0,-0.0,-0.15097316653740117,1
2020-10-16,-0.0,0.0,0.0,0.0,0.0,-0.0,-0.15097316653740117,1
2020-10-19,-0.0,0.0,0.0,0.0,0.0,-0.0,-0.15097316653740117,1
2020-10-20,0.0,0.0,0.0,0.0,0.0,0.0,-0.15097316653740117,1
2020-10-21,0.0,0.0,0.0,0.0,0.0,0.0,-0.15097316653740117,1
2020-10-22,-0.0,0.0,0.0,0.0,0.0,-0.0,-0.15097316653740117,1
2020-10-23,-0.0,0.0,0.0,0.0,0.0,-0.0,-0.15097316653740117,1
2020-10-26,-0.0,0.0,0.0,0.0,0.0,-0.0,-0.15097316653740117,1
2020-10-27,0.0,0.0,0.0,0.0,0.0,0.0,-0.15097316653740117,1
2020-10-28,0.0,0.0,0.0,0.0,0.0,0.0,-0.15097316653740117,1
2020-10-29,0.0,0.0,0.0,0.0,0.0,0.0,-0.15097316653740117,1
2020-10-30,-0.0,0.0,0.0,0.0,0.0,-0.0,-0.15097316653740117,1
2020-11-02,0.0,0.0,0.0,0.0,0.0,0.0,-0.15097316653740117,1
2020-11-03,0.0,0.0,0.0,0.0,0.0,0.0,-0.15097316653740117,1
2020-11-04,-0.0,0.0,0.0,0.0,0.0,-0.0,-0.15097316653740117,1
2020-11-05,0.0,0.0,0.0,0.0,0.0,0.0,-0.15097316653740117,1
2020-11-06,-0.0,0.0,0.0,0.0,0.0,-0.0,-0.15097316653740117,1
2020-11-09,0.0,0.0,0.0,0.0,0.0,0.0,-0.15097316653740117,1
2020-11-10,-0.0,0.0,0.0,0.0,0.0,-0.0,-0.15097316653740117,1
2020-11-11,0.0,0.0,0.0,0.0,0.0,0.0,-0.15097316653740117,1
2020-11-12,-0.0,0.0,0.0,0.0,0.0,-0.0,-0.15097316653740117,1
2020-11-13,0.0,0.0,0.0,0.0,0.0,0.0,-0.15097316653740117,1
2020-11-16,0.0,0.0,0.0,0.0,0.0,0.0,-0.15097316653740117,1
2020-11-17,-0.0,0.0,0.0,0.0,0.0,-0.0,-0.15097316653740117,1
2020-11-18,-0.0,0.0,0.0,0.0,0.0,-0.0,-0.15097316653740117,1
2020-11-19,0.0,0.0,0.0,0.0,0.0,0.0,-0.15097316653740117,1
2020-11-20,0.0,0.0,0.0,0.0,0.0,0.0,-0.15097316653740117,1
2020-11-23,0.0,0.0,0.0,0.0,0.0,0.0,-0.15097316653740117,1
2020-11-24,0.0,0.0,0.0,0.0,0.0,0.0,-0.15097316653740117,1
2020-11-25,-0.0,0.0,0.0,0.0,0.0,-0.0,-0.15097316653740117,1
2020-11-26,0.0,0.0,0.0,0.0,0.0,0.0,-0.15097316653740117,1
2020-11-27,0.0,0.0,0.0,0.0,0.0,0.0,-0.15097316653740117,1
2020-11-30,-0.0,0.0,0.0,0.0,0.0,-0.0,-0.15097316653740117,1
2020-12-01,0.0,0.0,0.0,0.0,0.0,0.0,-0.15097316653740117,1
2020-12-02,0.0,0.0,0.0,0.0,0.0,0.0,-0.15097316653740117,1
2020-12-03,0.0,0.0,0.0,0.0,0.0,0.0,-0.15097316653740117,1
2020-12-04,0.0,0.0,0.0,0.0,0.0,0.0,-0.15097316653740117,1
2020-12-07,0.0,0.0,0.0,0.0,0.0,0.0,-0.15097316653740117,1
2020-12-08,-0.0,0.0,0.0,0.0,0.0,-0.0,-0.15097316653740117,1
2020-12-09,0.0,0.0,0.0,0.0,0.0,0.0,-0.15097316653740117,1
2020-12-10,-0.0,0.0,0.0,0.0,0.0,-0.0,-0.15097316653740117,1
2020-12-11,0.0,0.0,0.0,0.0,0.0,0.0,-0.15097316653740117,1
2020-12-14,-0.0,0.0,0.0,0.0,0.0,-0.0,-0.15097316653740117,1
2020-12-15,-0.0,0.0,0.0,0.0,0.0,-0.0,-0.15097316653740117,1
2020-12-16,0.0,0.0,0.0,0.0,0.0,0.0,-0.15097316653740117,1
2020-12-17,0.0,0.0,0.0,0.0,0.0,0.0,-0.15097316653740117,1
2020-12-18,0.0,0.0,0.0,0.0,0.0,0.0,-0.15097316653740117,1
2020-12-21,0.0,0.0,0.0,0.0,0.0,0.0,-0.15097316653740117,1
2020-12-22,-0.0,0.0,0.0,0.0,0.0,-0.0,-0.15097316653740117,1
2020-12-23,0.0,0.0,0.0,0.0,0.0,0.0,-0.15097316653740117,1
2020-12-24,0.0,0.0,0.0,0.0,0.0,0.0,-0.15097316653740117,1
2020-12-28,-0.0,0.0,0.0,0.0,0.0,-0.0,-0.15097316653740117,1
2020-12-29,0.0,0.0,0.0,0.0,0.0,0.0,-0.15097316653740117,1
2020-12-30,0.0,0.0,0.0,0.0,0.0,0.0,-0.15097316653740117,1
2021-01-04,0.0,0.0,0.0,0.0,0.0,0.0,-0.15097316653740117,1
2021-01-05,0.0,0.0,0.0,0.0,0.0,0.0,-0.15097316653740117,1
2021-01-06,-0.0,0.0,0.0,0.0,0.0,-0.0,-0.15097316653740117,1
2021-01-07,0.0,0.0,0.0,0.0,0.0,0.0,-0.15097316653740117,1
2021-01-08,0.0,0.0,0.0,0.0,0.0,0.0,-0.15097316653740117,1
2021-01-11,-0.0,0.0,0.0,0.0,0.0,-0.0,-0.15097316653740117,1
2021-01-12,-0.0,0.0,0.0,0.0,0.0,-0.0,-0.15097316653740117,1
2021-01-13,0.0,0.0,0.0,0.0,0.0,0.0,-0.15097316653740117,1
2021-01-14,0.0,0.0,0.0,0.0,0.0,0.0,-0.15097316653740117,1
2021-01-15,-0.0,0.0,0.0,0.0,0.0,-0.0,-0.15097316653740117,1
2021-01-18,-0.0,0.0,0.0,0.0,0.0,-0.0,-0.15097316653740117,1
2021-01-19,0.0,0.0,0.0,0.0,0.0,0.0,-0.15097316653740117,1
2021-01-20,-0.0,0.0,0.0,0.0,0.0,-0.0,-0.15097316653740117,1
2021-01-21,0.0,0.0,0.0,0.0,0.0,0.0,-0.15097316653740117,1
2021-01-22,-0.0,0.0,0.0,0.0,0.0,-0.0,-0.15097316653740117,1
2021-01-25,0.0,0.0,0.0,0.0,0.0,0.0,-0.15097316653740117,1
2021-01-26,-0.0,0.0,0.0,0.0,0.0,-0.0,-0.15097316653740117,1
2021-01-27,-0.0,0.0,0.0,0.0,0.0,-0.0,-0.15097316653740117,1
2021-01-28,-0.0,0.0,0.0,0.0,0.0,-0.0,-0.15097316653740117,1
2021-01-29,-0.0,0.0,0.0,0.0,0.0,-0.0,-0.15097316653740117,1
2021-02-01,0.0,0.0,0.0,0.0,0.0,0.0,-0.15097316653740117,1
2021-02-02,0.0,0.0,0.0,0.0,0.0,0.0,-0.15097316653740117,1
2021-02-03,0.0,0.0,0.0,0.0,0.0,0.0,-0.15097316653740117,1
2021-02-04,-0.0,0.0,0.0,0.0,0.0,-0.0,-0.15097316653740117,1
2021-02-05,0.0,0.0,0.0,0.0,0.0,0.0,-0.15097316653740117,1
2021-02-08,-0.0,0.0,0.0,0.0,0.0,-0.0,-0.15097316653740117,1
2021-02-09,-0.0,0.0,0.0,0.0,0.0,-0.0,-0.15097316653740117,1
2021-02-10,0.0,0.0,0.0,0.0,0.0,0.0,-0.15097316653740117,1
2021-02-15,0.0,0.0,0.0,0.0,0.0,0.0,-0.15097316653740117,1
2021-02-16,0.0,0.0,0.0,0.0,0.0,0.0,-0.15097316653740117,1
2021-02-17,-0.0,0.0,0.0,0.0,0.0,-0.0,-0.15097316653740117,1
2021-02-18,-0.0,0.0,0.0,0.0,0.0,-0.0,-0.15097316653740117,1
2021-02-19,0.0,0.0,0.0,0.0,0.0,0.0,-0.15097316653740117,1
2021-02-22,-0.0,0.0,0.0,0.0,0.0,-0.0,-0.15097316653740117,1
2021-02-23,0.0,0.0,0.0,0.0,0.0,0.0,-0.15097316653740117,1
2021-02-24,-0.0,0.0,0.0,0.0,0.0,-0.0,-0.15097316653740117,1
2021-02-25,0.0,0.0,0.0,0.0,0.0,0.0,-0.15097316653740117,1
2021-02-26,-0.0,0.0,0.0,0.0,0.0,-0.0,-0.15097316653740117,1
2021-03-02,0.0,0.0,0.0,0.0,0.0,0.0,-0.15097316653740117,1
2021-03-03,0.0,0.0,0.0,0.0,0.0,0.0,-0.15097316653740117,1
2021-03-04,-0.0,0.0,0.0,0.0,0.0,-0.0,-0.15097316653740117,1
2021-03-05,-0.0,0.0,0.0,0.0,0.0,-0.0,-0.15097316653740117,1
2021-03-08,-0.0,0.0,0.0,0.0,0.0,-0.0,-0.15097316653740117,1
2021-03-09,-0.0,0.0,0.0,0.0,0.0,-0.0,-0.15097316653740117,1
2021-03-10,-0.0,0.0,0.0,0.0,0.0,-0.0,-0.15097316653740117,1
2021-03-11,0.0,0.0,0.0,0.0,0.0,0.0,-0.15097316653740117,1
2021-03-12,0.0,0.0,0.0,0.0,0.0,0.0,-0.15097316653740117,1
2021-03-15,-0.0,0.0,0.0,0.0,0.0,-0.0,-0.15097316653740117,1
2021-03-16,0.0,0.0,0.0,0.0,0.0,0.0,-0.15097316653740117,1
2021-03-17,-0.0,0.0,0.0,0.0,0.0,-0.0,-0.15097316653740117,1
2021-03-18,0.0,0.0,0.0,0.0,0.0,0.0,-0.15097316653740117,1
2021-03-19,-0.0,0.0,0.0,0.0,0.0,-0.0,-0.15097316653740117,1
2021-03-22,-0.0,0.0,0.0,0.0,0.0,-0.0,-0.15097316653740117,1
2021-03-23,-0.0,0.0,0.0,0.0,0.0,-0.0,-0.15097316653740117,1
2021-03-24,0.0,0.0,0.0,0.0,0.0,0.0,-0.15097316653740117,1
2021-03-25,0.0,0.0,0.0,0.0,0.0,0.0,-0.15097316653740117,1
2021-03-26,0.0,0.0,0.0,0.0,0.0,0.0,-0.15097316653740117,1
2021-03-29,-0.0,0.0,0.0,0.0,0.0,-0.0,-0.15097316653740117,1
2021-03-30,0.0,0.0,0.0,0.0,0.0,0.0,-0.15097316653740117,1
2021-03-31,-0.0,0.0,0.0,0.0,0.0,-0.0,-0.15097316653740117,1
2021-04-01,0.0,0.0,0.0,0.0,0.0,0.0,-0.15097316653740117,1
2021-04-02,0.0,0.0,0.0,0.0,0.0,0.0,-0.15097316653740117,1
2021-04-05,-0.0,0.0,0.0,0.0,0.0,-0.0,-0.15097316653740117,1
2021-04-06,0.0,0.0,0.0,0.0,0.0,0.0,-0.15097316653740117,1
2021-04-07,0.0,0.0,0.0,0.0,0.0,0.0,-0.15097316653740117,1
2021-04-08,0.0,0.0,0.0,0.0,0.0,0.0,-0.15097316653740117,1
2021-04-09,-0.0,0.0,0.0,0.0,0.0,-0.0,-0.15097316653740117,1
2021-04-12,0.0,0.0,0.0,0.0,0.0,0.0,-0.15097316653740117,1
2021-04-13,0.0,0.0,0.0,0.0,0.0,0.0,-0.15097316653740117,1
2021-04-14,0.0,0.0,0.0,0.0,0.0,0.0,-0.15097316653740117,1
2021-04-15,0.0,0.0,0.0,0.0,0.0,0.0,-0.15097316653740117,1
2021-04-16,0.0,0.0,0.0,0.0,0.0,0.0,-0.15097316653740117,1
2021-04-19,-0.0,0.0,0.0,0.0,0.0,-0.0,-0.15097316653740117,1
2021-04-20,0.0,0.0,0.0,0.0,0.0,0.0,-0.15097316653740117,1
2021-04-21,-0.0,0.0,0.0,0.0,0.0,-0.0,-0.15097316653740117,1
2021-04-22,0.0,0.0,0.0,0.0,0.0,0.0,-0.15097316653740117,1
2021-04-23,0.0,0.0,0.0,0.0,0.0,0.0,-0.15097316653740117,1
2021-04-26,0.0,0.0,0.0,0.0,0.0,0.0,-0.15097316653740117,1
2021-04-27,-0.0,0.0,0.0,0.0,0.0,-0.0,-0.15097316653740117,1
2021-04-28,-0.0,0.0,0.0,0.0,0.0,-0.0,-0.15097316653740117,1
2021-04-29,-0.0,0.0,0.0,0.0,0.0,-0.0,-0.15097316653740117,1
2021-04-30,-0.0,0.0,0.0,0.0,0.0,-0.0,-0.15097316653740117,1
2021-05-03,-0.0,0.0,0.0,0.0,0.0,-0.0,-0.15097316653740117,1
2021-05-04,0.0,0.0,0.0,0.0,0.0,0.0,-0.15097316653740117,1
2021-05-06,0.0,0.0,0.0,0.0,0.0,0.0,-0.15097316653740117,1
2021-05-07,0.0,0.0,0.0,0.0,0.0,0.0,-0.15097316653740117,1
2021-05-10,0.0,0.0,0.0,0.0,0.0,0.0,-0.15097316653740117,1
2021-05-11,-0.0,0.0,0.0,0.0,0.0,-0.0,-0.15097316653740117,1
2021-05-12,-0.0,0.0,0.0,0.0,0.0,-0.0,-0.15097316653740117,1
2021-05-13,-0.0,0.0,0.0,0.0,0.0,-0.0,-0.15097316653740117,1
2021-05-14,0.0,0.0,0.0,0.0,0.0,0.0,-0.15097316653740117,1
2021-05-17,-0.0,0.0,0.0,0.0,0.0,-0.0,-0.15097316653740117,1
2021-05-18,0.0,0.0,0.0,0.0,0.0,0.0,-0.15097316653740117,1
2021-05-20,-0.0,0.0,0.0,0.0,0.0,-0.0,-0.15097316653740117,1
2021-05-21,-0.0,0.0,0.0,0.0,0.0,-0.0,-0.15097316653740117,1
2021-05-24,-0.0,0.0,0.0,0.0,0.0,-0.0,-0.15097316653740117,1
2021-05-25,0.0,0.0,0.0,0.0,0.0,0.0,-0.15097316653740117,1
2021-05-26,-0.0,0.0,0.0,0.0,0.0,-0.0,-0.15097316653740117,1
2021-05-27,-0.0,0.0,0.0,0.0,0.0,-0.0,-0.15097316653740117,1
2021-05-28,0.0,0.0,0.0,0.0,0.0,0.0,-0.15097316653740117,1
2021-05-31,0.0,0.0,0.0,0.0,0.0,0.0,-0.15097316653740117,1
2021-06-01,0.0,0.0,0.0,0.0,0.0,0.0,-0.15097316653740117,1
2021-06-02,-0.0,0.0,0.0,0.0,0.0,-0.0,-0.15097316653740117,1
2021-06-03,0.0,0.0,0.0,0.0,0.0,0.0,-0.15097316653740117,1
2021-06-04,-0.0,0.0,0.0,0.0,0.0,-0.0,-0.15097316653740117,1
2021-06-07,0.0,0.0,0.0,0.0,0.0,0.0,-0.15097316653740117,1
2021-06-08,-0.0,0.0,0.0,0.0,0.0,-0.0,-0.15097316653740117,1
2021-06-09,-0.0,0.0,0.0,0.0,0.0,-0.0,-0.15097316653740117,1
2021-06-10,0.0,0.0,0.0,0.0,0.0,0.0,-0.15097316653740117,1
2021-06-11,0.0,0.0,0.0,0.0,0.0,0.0,-0.15097316653740117,1
2021-06-14,0.0,0.0,0.0,0.0,0.0,0.0,-0.15097316653740117,1
2021-06-15,0.0,0.0,0.0,0.0,0.0,0.0,-0.15097316653740117,1
2021-06-16,0.0,0.0,0.0,0.0,0.0,0.0,-0.15097316653740117,1
2021-06-17,-0.0,0.0,0.0,0.0,0.0,-0.0,-0.15097316653740117,1
2021-06-18,0.0,0.0,0.0,0.0,0.0,0.0,-0.15097316653740117,1
2021-06-21,-0.0,0.0,0.0,0.0,0.0,-0.0,-0.15097316653740117,1
2021-06-22,0.0,0.0,0.0,0.0,0.0,0.0,-0.15097316653740117,1
2021-06-23,0.0,0.0,0.0,0.0,0.0,0.0,-0.15097316653740117,1
2021-06-24,0.0,0.0,0.0,0.0,0.0,0.0,-0.15097316653740117,1
2021-06-25,0.0,0.0,0.0,0.0,0.0,0.0,-0.15097316653740117,1
2021-06-28,-0.0,0.0,0.0,0.0,0.0,-0.0,-0.15097316653740117,1
2021-06-29,-0.0,0.0,0.0,0.0,0.0,-0.0,-0.15097316653740117,1
2021-06-30,0.0,0.0,0.0,0.0,0.0,0.0,-0.15097316653740117,1
2021-07-01,-0.0,0.0,0.0,0.0,0.0,-0.0,-0.15097316653740117,1
2021-07-02,-0.0,0.0,0.0,0.0,0.0,-0.0,-0.15097316653740117,1
2021-07-05,0.0,0.0,0.0,0.0,0.0,0.0,-0.15097316653740117,1
2021-07-06,0.0,0.0,0.0,0.0,0.0,0.0,-0.15097316653740117,1
2021-07-07,-0.0,0.0,0.0,0.0,0.0,-0.0,-0.15097316653740117,1
2021-07-08,-0.0,0.0,0.0,0.0,0.0,-0.0,-0.15097316653740117,1
2021-07-09,-0.0,0.0,0.0,0.0,0.0,-0.0,-0.15097316653740117,1
2021-07-12,0.0,0.0,0.0,0.0,0.0,0.0,-0.15097316653740117,1
2021-07-13,0.0,0.0,0.0,0.0,0.0,0.0,-0.15097316653740117,1
2021-07-14,-0.0,0.0,0.0,0.0,0.0,-0.0,-0.15097316653740117,1
2021-07-15,0.0,0.0,0.0,0.0,0.0,0.0,-0.15097316653740117,1
2021-07-16,-0.0,0.0,0.0,0.0,0.0,-0.0,-0.15097316653740117,1
2021-07-19,-0.0,0.0,0.0,0.0,0.0,-0.0,-0.15097316653740117,1
2021-07-20,0.0,0.0,0.0,0.0,0.0,0.0,-0.15097316653740117,1
2021-07-21,-0.0,0.0,0.0,0.0,0.0,-0.0,-0.15097316653740117,1
2021-07-22,0.0,0.0,0.0,0.0,0.0,0.0,-0.15097316653740117,1
2021-07-23,0.0,0.0,0.0,0.0,0.0,0.0,-0.15097316653740117,1
2021-07-26,-0.0,0.0,0.0,0.0,0.0,-0.0,-0.15097316653740117,1
2021-07-27,-0.0,0.0,0.0,0.0,0.0,-0.0,-0.15097316653740117,1
2021-07-28,0.0,0.0,0.0,0.0,0.0,0.0,-0.15097316653740117,0
2021-07-29,0.0,0.0,0.0,0.0,0.0,0.0,-0.15097316653740117,0
2021-07-30,-0.0,0.0,0.0,0.0,0.0,-0.0,-0.15097316653740117,1
2021-08-02,0.0,0.0,0.0,0.0,0.0,0.0,-0.15097316653740117,1
2021-08-03,0.0,0.0,0.0,0.0,0.0,0.0,-0.15097316653740117,1
2021-08-04,0.0,0.0,0.0,0.0,0.0,0.0,-0.15097316653740117,1
2021-08-05,-0.0,0.0,0.0,0.0,0.0,-0.0,-0.15097316653740117,1
2021-08-06,-0.0,0.0,0.0,0.0,0.0,-0.0,-0.15097316653740117,1
2021-08-09,0.0,0.0,0.0,0.0,0.0,0.0,-0.15097316653740117,1
2021-08-10,-0.0,0.0,0.0,0.0,0.0,-0.0,-0.15097316653740117,1
2021-08-11,-0.0,0.0,0.0,0.0,0.0,-0.0,-0.15097316653740117,1
2021-08-12,-0.0,0.0,0.0,0.0,0.0,-0.0,-0.15097316653740117,1
2021-08-13,-0.0,0.0,0.0,0.0,0.0,-0.0,-0.15097316653740117,1
2021-08-17,-0.0,0.0,0.0,0.0,0.0,-0.0,-0.15097316653740117,1
2021-08-18,0.0,0.0,0.0,0.0,0.0,0.0,-0.15097316653740117,1
2021-08-19,-0.0,0.0,0.0,0.0,0.0,-0.0,-0.15097316653740117,1
2021-08-20,-0.0,0.0,0.0,0.0,0.0,-0.0,-0.15097316653740117,1
2021-08-23,0.0,0.0,0.0,0.0,0.0,0.0,-0.15097316653740117,1
2021-08-24,0.0,0.0,0.0,0.0,0.0,0.0,-0.15097316653740117,1
2021-08-25,-0.0,0.0,0.0,0.0,0.0,-0.0,-0.15097316653740117,1
2021-08-26,-0.0,0.0,0.0,0.0,0.0,-0.0,-0.15097316653740117,1
2021-08-27,0.0,0.0,0.0,0.0,0.0,0.0,-0.15097316653740117,1
2021-08-30,-0.0,0.0,0.0,0.0,0.0,-0.0,-0.15097316653740117,1
2021-08-31,0.0,0.0,0.0,0.0,0.0,0.0,-0.15097316653740117,1
2021-09-01,0.0,0.0,0.0,0.0,0.0,0.0,-0.15097316653740117,1
2021-09-02,-0.0,0.0,0.0,0.0,0.0,-0.0,-0.15097316653740117,1
2021-09-03,0.0,0.0,0.0,0.0,0.0,0.0,-0.15097316653740117,1
2021-09-06,0.0,0.0,0.0,0.0,0.0,0.0,-0.15097316653740117,1
2021-09-07,-0.0,0.0,0.0,0.0,0.0,-0.0,-0.15097316653740117,1
2021-09-08,-0.0,0.0,0.0,0.0,0.0,-0.0,-0.15097316653740117,1
2021-09-09,-0.0,0.0,0.0,0.0,0.0,-0.0,-0.15097316653740117,1
2021-09-10,0.0,0.0,0.0,0.0,0.0,0.0,-0.15097316653740117,1
2021-09-13,0.0,0.0,0.0,0.0,0.0,0.0,-0.15097316653740117,1
2021-09-14,0.0,0.0,0.0,0.0,0.0,0.0,-0.15097316653740117,1
2021-09-15,0.0,0.0,0.0,0.0,0.0,0.0,-0.15097316653740117,1
2021-09-16,-0.0,0.0,0.0,0.0,0.0,-0.0,-0.15097316653740117,1
2021-09-17,0.0,0.0,0.0,0.0,0.0,0.0,-0.15097316653740117,1
2021-09-23,0.0,0.0,0.0,0.0,0.0,0.0,-0.15097316653740117,1
2021-09-24,-0.0,0.0,0.0,0.0,0.0,-0.0,-0.15097316653740117,1
2021-09-27,0.0,0.0,0.0,0.0,0.0,0.0,-0.15097316653740117,1
2021-09-28,-0.0,0.0,0.0,0.0,0.0,-0.0,-0.15097316653740117,1
2021-09-29,0.0,0.0,0.0,0.0,0.0,0.0,-0.15097316653740117,1
2021-09-30,0.0,0.0,0.0,0.0,0.0,0.0,-0.15097316653740117,1
2021-10-01,-0.0,0.0,0.0,0.0,0.0,-0.0,-0.15097316653740117,1
2021-10-05,-0.0,0.0,0.0,0.0,0.0,-0.0,-0.15097316653740117,1
2021-10-06,-0.0,0.0,0.0,0.0,0.0,-0.0,-0.15097316653740117,1
2021-10-07,0.0,0.0,0.0,0.0,0.0,0.0,-0.15097316653740117,1
2021-10-08,-0.0,0.0,0.0,0.0,0.0,-0.0,-0.15097316653740117,1
2021-10-12,-0.0,0.0,0.0,0.0,0.0,-0.0,-0.15097316653740117,1
2021-10-13,0.0,0.0,0.0,0.0,0.0,0.0,-0.15097316653740117,1
2021-10-14,0.0,0.0,0.0,0.0,0.0,0.0,-0.15097316653740117,1
2021-10-15,0.0,0.0,0.0,0.0,0.0,0.0,-0.15097316653740117,1
2021-10-18,-0.0,0.0,0.0,0.0,0.0,-0.0,-0.15097316653740117,1
2021-10-19,0.0,0.0,0.0,0.0,0.0,0.0,-0.15097316653740117,1
2021-10-20,-0.0,0.0,0.0,0.0,0.0,-0.0,-0.15097316653740117,1
2021-10-21,-0.0,0.0,0.0,0.0,0.0,-0.0,-0.15097316653740117,1
2021-10-22,0.0,0.0,0.0,0.0,0.0,0.0,-0.15097316653740117,1
2021-10-25,0.0,0.0,0.0,0.0,0.0,0.0,-0.15097316653740117,1
2021-10-26,0.0,0.0,0.0,0.0,0.0,0.0,-0.15097316653740117,1
2021-10-27,-0.0,0.0,0.0,0.0,0.0,-0.0,-0.15097316653740117,1
2021-10-28,-0.0,0.0,0.0,0.0,0.0,-0.0,-0.15097316653740117,1
2021-10-29,-0.0,0.0,0.0,0.0,0.0,-0.0,-0.15097316653740117,1
2021-11-01,-0.0,0.0,0.0,0.0,0.0,-0.0,-0.15097316653740117,1
2021-11-02,0.0,0.0,0.0,0.0,0.0,0.0,-0.15097316653740117,1
2021-11-03,-0.0,0.0,0.0,0.0,0.0,-0.0,-0.15097316653740117,1
2021-11-04,-0.0,0.0,0.0,0.0,0.0,-0.0,-0.15097316653740117,1
2021-11-05,-0.0,0.0,0.0,0.0,0.0,-0.0,-0.15097316653740117,1
2021-11-08,-0.0,0.0,0.0,0.0,0.0,-0.0,-0.15097316653740117,1
2021-11-09,0.0,0.0,0.0,0.0,0.0,0.0,-0.15097316653740117,1
2021-11-10,-0.0,0.0,0.0,0.0,0.0,-0.0,-0.15097316653740117,1
2021-11-11,0.0,0.0,0.0,0.0,0.0,0.0,-0.15097316653740117,1
2021-11-12,0.0,0.0,0.0,0.0,0.0,0.0,-0.15097316653740117,1
2021-11-15,0.0,0.0,0.0,0.0,0.0,0.0,-0.15097316653740117,1
2021-11-16,0.0,0.0,0.0,0.0,0.0,0.0,-0.15097316653740117,1
2021-11-17,-0.0,0.0,0.0,0.0,0.0,-0.0,-0.15097316653740117,1
2021-11-18,-0.0,0.0,0.0,0.0,0.0,-0.0,-0.15097316653740117,1
2021-11-19,0.0,0.0,0.0,0.0,0.0,0.0,-0.15097316653740117,1
2021-11-22,0.0,0.0,0.0,0.0,0.0,0.0,-0.15097316653740117,1
2021-11-23,-0.0,0.0,0.0,0.0,0.0,-0.0,-0.15097316653740117,1
2021-11-24,-0.0,0.0,0.0,0.0,0.0,-0.0,-0.15097316653740117,1
2021-11-25,-0.0,0.0,0.0,0.0,0.0,-0.0,-0.15097316653740117,1
2021-11-26,-0.0,0.0,0.0,0.0,0.0,-0.0,-0.15097316653740117,1
2021-11-29,0.0,0.0,0.0,0.0,0.0,0.0,-0.15097316653740117,1
2021-11-30,-0.0,0.0,0.0,0.0,0.0,-0.0,-0.15097316653740117,1
2021-12-01,0.0,0.0,0.0,0.0,0.0,0.0,-0.15097316653740117,1
2021-12-02,0.0,0.0,0.0,0.0,0.0,0.0,-0.15097316653740117,1
2021-12-03,0.0,0.0,0.0,0.0,0.0,0.0,-0.15097316653740117,1
2021-12-06,0.0,0.0,0.0,0.0,0.0,0.0,-0.15097316653740117,1
2021-12-07,0.0,0.0,0.0,0.0,0.0,0.0,-0.15097316653740117,1
2021-12-08,-0.0,0.0,0.0,0.0,0.0,-0.0,-0.15097316653740117,1
2021-12-09,0.0,0.0,0.0,0.0,0.0,0.0,-0.15097316653740117,1
2021-12-10,0.0,0.0,0.0,0.0,0.0,0.0,-0.15097316653740117,1
2021-12-13,-0.0,0.0,0.0,0.0,0.0,-0.0,-0.15097316653740117,1
2021-12-14,0.0,0.0,0.0,0.0,0.0,0.0,-0.15097316653740117,1
2021-12-15,0.0,0.0,0.0,0.0,0.0,0.0,-0.15097316653740117,1
2021-12-16,-0.0,0.0,0.0,0.0,0.0,-0.0,-0.15097316653740117,1
2021-12-17,0.0,0.0,0.0,0.0,0.0,0.0,-0.15097316653740117,1
2021-12-20,-0.0,0.0,0.0,0.0,0.0,-0.0,-0.15097316653740117,1
2021-12-21,-0.0,0.0,0.0,0.0,0.0,-0.0,-0.15097316653740117,1
2021-12-22,-0.0,0.0,0.0,0.0,0.0,-0.0,-0.15097316653740117,1
2021-12-23,0.0,0.0,0.0,0.0,0.0,0.0,-0.15097316653740117,1
2021-12-24,0.0,0.0,0.0,0.0,0.0,0.0,-0.15097316653740117,1
2021-12-27,-0.0,0.0,0.0,0.0,0.0,-0.0,-0.15097316653740117,1
2021-12-28,0.0,0.0,0.0,0.0,0.0,0.0,-0.15097316653740117,1
2021-12-29,-0.0,0.0,0.0,0.0,0.0,-0.0,-0.15097316653740117,1
2021-12-30,-0.0,0.0,0.0,0.0,0.0,-0.0,-0.15097316653740117,1
2022-01-04,-0.0,0.0,0.0,0.0,0.0,-0.0,-0.15097316653740117,1
2022-01-05,0.0,0.0,0.0,0.0,0.0,0.0,-0.15097316653740117,0
2022-01-06,0.0,0.0,0.0,0.0,0.0,0.0,-0.15097316653740117,0
2022-01-07,0.0,0.0,0.0,0.0,0.0,0.0,-0.15097316653740117,0
2022-01-10,0.0,0.0,0.0,0.0,0.0,0.0,-0.15097316653740117,0
2022-01-11,0.0,0.0,0.0,0.0,0.0,0.0,-0.15097316653740117,0
2022-01-12,0.0,0.0,0.0,0.0,0.0,0.0,-0.15097316653740117,0
2022-01-13,0.0,0.0,0.0,0.0,0.0,0.0,-0.15097316653740117,0
2022-01-14,0.0,0.0,0.0,0.0,0.0,0.0,-0.15097316653740117,0
2022-01-17,-0.0,0.0,0.0,0.0,0.0,-0.0,-0.15097316653740117,1
2022-01-18,0.0,0.0,0.0,0.0,0.0,0.0,-0.15097316653740117,0
2022-01-19,0.0,0.0,0.0,0.0,0.0,0.0,-0.15097316653740117,0
2022-01-20,0.0,0.0,0.0,0.0,0.0,0.0,-0.15097316653740117,0
2022-01-21,0.0,0.0,0.0,0.0,0.0,0.0,-0.15097316653740117,0
2022-01-24,0.0,0.0,0.0,0.0,0.0,0.0,-0.15097316653740117,0
2022-01-25,0.0,0.0,0.0,0.0,0.0,0.0,-0.15097316653740117,0
2022-01-26,0.0,0.0,0.0,0.0,0.0,0.0,-0.15097316653740117,0
2022-01-27,0.0,0.0,0.0,0.0,0.0,0.0,-0.15097316653740117,0
2022-01-28,0.0,0.0,0.0,0.0,0.0,0.0,-0.15097316653740117,0
2022-02-03,0.0,0.0,0.0,0.0,0.0,0.0,-0.15097316653740117,0
2022-02-04,0.0,0.0,0.0,0.0,0.0,0.0,-0.15097316653740117,0
2022-02-07,0.0,0.0,0.0,0.0,0.0,0.0,-0.15097316653740117,0
2022-02-08,0.0,0.0,0.0,0.0,0.0,0.0,-0.15097316653740117,0
2022-02-09,0.0,0.0,0.0,0.0,0.0,0.0,-0.15097316653740117,0
2022-02-10,0.0,0.0,0.0,0.0,0.0,0.0,-0.15097316653740117,0
2022-02-11,0.0,0.0,0.0,0.0,0.0,0.0,-0.15097316653740117,0
2022-02-14,0.0,0.0,0.0,0.0,0.0,0.0,-0.15097316653740117,0
2022-02-15,0.0,0.0,0.0,0.0,0.0,0.0,-0.15097316653740117,0
2022-02-16,0.0,0.0,0.0,0.0,0.0,0.0,-0.15097316653740117,0
2022-02-17,0.0,0.0,0.0,0.0,0.0,0.0,-0.15097316653740117,0
2022-02-18,0.0,0.0,0.0,0.0,0.0,0.0,-0.15097316653740117,0
2022-02-21,0.0,0.0,0.0,0.0,0.0,0.0,-0.15097316653740117,1
2022-02-22,0.0,0.0,0.0,0.0,0.0,0.0,-0.15097316653740117,0
2022-02-23,0.0,0.0,0.0,0.0,0.0,0.0,-0.15097316653740117,0
2022-02-24,0.0,0.0,0.0,0.0,0.0,0.0,-0.15097316653740117,0
2022-02-25,0.0,0.0,0.0,0.0,0.0,0.0,-0.15097316653740117,0
2022-02-28,0.0,0.0,0.0,0.0,0.0,0.0,-0.15097316653740117,0
2022-03-02,0.0,0.0,0.0,0.0,0.0,0.0,-0.15097316653740117,0
2022-03-03,0.0,0.0,0.0,0.0,0.0,0.0,-0.15097316653740117,0
2022-03-04,0.0,0.0,0.0,0.0,0.0,0.0,-0.15097316653740117,0
2022-03-07,0.0,0.0,0.0,0.0,0.0,0.0,-0.15097316653740117,0
2022-03-08,0.0,0.0,0.0,0.0,0.0,0.0,-0.15097316653740117,0
2022-03-10,0.0,0.0,0.0,0.0,0.0,0.0,-0.15097316653740117,0
2022-03-11,0.0,0.0,0.0,0.0,0.0,0.0,-0.15097316653740117,0
2022-03-14,0.0,0.0,0.0,0.0,0.0,0.0,-0.15097316653740117,0
2022-03-15,0.0,0.0,0.0,0.0,0.0,0.0,-0.15097316653740117,0
2022-03-16,0.0,0.0,0.0,0.0,0.0,0.0,-0.15097316653740117,0
2022-03-17,0.0,0.0,0.0,0.0,0.0,0.0,-0.15097316653740117,0
2022-03-18,0.0,0.0,0.0,0.0,0.0,0.0,-0.15097316653740117,0
2022-03-21,0.0,0.0,0.0,0.0,0.0,0.0,-0.15097316653740117,0
2022-03-22,0.0,0.0,0.0,0.0,0.0,0.0,-0.15097316653740117,0
2022-03-23,0.0,0.0,0.0,0.0,0.0,0.0,-0.15097316653740117,0
2022-03-24,0.0,0.0,0.0,0.0,0.0,0.0,-0.15097316653740117,0
2022-03-25,0.0,0.0,0.0,0.0,0.0,0.0,-0.15097316653740117,0
2022-03-28,0.0,0.0,0.0,0.0,0.0,0.0,-0.15097316653740117,0
2022-03-29,0.0,0.0,0.0,0.0,0.0,0.0,-0.15097316653740117,0
2022-03-30,0.0,0.0,0.0,0.0,0.0,0.0,-0.15097316653740117,0
2022-03-31,0.0,0.0,0.0,0.0,0.0,0.0,-0.15097316653740117,0
2022-04-01,0.0,0.0,0.0,0.0,0.0,0.0,-0.15097316653740117,0
2022-04-04,0.0,0.0,0.0,0.0,0.0,0.0,-0.15097316653740117,0
2022-04-05,0.0,0.0,0.0,0.0,0.0,0.0,-0.15097316653740117,0
2022-04-06,0.0,0.0,0.0,0.0,0.0,0.0,-0.15097316653740117,0
2022-04-07,0.0,0.0,0.0,0.0,0.0,0.0,-0.15097316653740117,0
2022-04-08,0.0,0.0,0.0,0.0,0.0,0.0,-0.15097316653740117,0
2022-04-11,0.0,0.0,0.0,0.0,0.0,0.0,-0.15097316653740117,0
2022-04-12,0.0,0.0,0.0,0.0,0.0,0.0,-0.15097316653740117,0
2022-04-13,0.0,0.0,0.0,0.0,0.0,0.0,-0.15097316653740117,0
2022-04-14,0.0,0.0,0.0,0.0,0.0,0.0,-0.15097316653740117,0
2022-04-15,0.0,0.0,0.0,0.0,0.0,0.0,-0.15097316653740117,1
2022-04-18,0.0,0.0,0.0,0.0,0.0,0.0,-0.15097316653740117,0
2022-04-19,0.0,0.0,0.0,0.0,0.0,0.0,-0.15097316653740117,0
2022-04-20,0.0,0.0,0.0,0.0,0.0,0.0,-0.15097316653740117,0
2022-04-21,0.0,0.0,0.0,0.0,0.0,0.0,-0.15097316653740117,0
2022-04-22,0.0,0.0,0.0,0.0,0.0,0.0,-0.15097316653740117,0
2022-04-25,0.0,0.0,0.0,0.0,0.0,0.0,-0.15097316653740117,0
2022-04-26,0.0,0.0,0.0,0.0,0.0,0.0,-0.15097316653740117,0
2022-04-27,0.0,0.0,0.0,0.0,0.0,0.0,-0.15097316653740117,0
2022-04-28,0.0,0.0,0.0,0.0,0.0,0.0,-0.15097316653740117,0
2022-04-29,0.0,0.0,0.0,0.0,0.0,0.0,-0.15097316653740117,0
2022-05-02,0.0,0.0,0.0,0.0,0.0,0.0,-0.15097316653740117,0
2022-05-03,0.0,0.0,0.0,0.0,0.0,0.0,-0.15097316653740117,0
2022-05-04,0.0,0.0,0.0,0.0,0.0,0.0,-0.15097316653740117,0
2022-05-06,0.0,0.0,0.0,0.0,0.0,0.0,-0.15097316653740117,0
2022-05-10,0.0,0.0,0.0,0.0,0.0,0.0,-0.15097316653740117,0
2022-05-11,0.0,0.0,0.0,0.0,0.0,0.0,-0.15097316653740117,0
2022-05-12,0.0,0.0,0.0,0.0,0.0,0.0,-0.15097316653740117,0
2022-05-13,0.0,0.0,0.0,0.0,0.0,0.0,-0.15097316653740117,0
2022-05-16,0.0,0.0,0.0,0.0,0.0,0.0,-0.15097316653740117,0
2022-05-17,0.0,0.0,0.0,0.0,0.0,0.0,-0.15097316653740117,0
2022-05-18,0.0,0.0,0.0,0.0,0.0,0.0,-0.15097316653740117,0
2022-05-19,0.0,0.0,0.0,0.0,0.0,0.0,-0.15097316653740117,0
2022-05-20,0.0,0.0,0.0,0.0,0.0,0.0,-0.15097316653740117,0
2022-05-23,0.0,0.0,0.0,0.0,0.0,0.0,-0.15097316653740117,0
2022-05-24,0.0,0.0,0.0,0.0,0.0,0.0,-0.15097316653740117,0
2022-05-25,0.0,0.0,0.0,0.0,0.0,0.0,-0.15097316653740117,0
2022-05-26,0.0,0.0,0.0,0.0,0.0,0.0,-0.15097316653740117,0
2022-05-27,0.0,0.0,0.0,0.0,0.0,0.0,-0.15097316653740117,0
2022-05-30,0.0,0.0,0.0,0.0,0.0,0.0,-0.15097316653740117,1
2022-05-31,0.0,0.0,0.0,0.0,0.0,0.0,-0.15097316653740117,0
2022-06-02,0.0,0.0,0.0,0.0,0.0,0.0,-0.15097316653740117,0
2022-06-03,0.0,0.0,0.0,0.0,0.0,0.0,-0.15097316653740117,0
2022-06-07,0.0,0.0,0.0,0.0,0.0,0.0,-0.15097316653740117,0
2022-06-08,0.0,0.0,0.0,0.0,0.0,0.0,-0.15097316653740117,0
2022-06-09,0.0,0.0,0.0,0.0,0.0,0.0,-0.15097316653740117,0
2022-06-10,0.0,0.0,0.0,0.0,0.0,0.0,-0.15097316653740117,0
2022-06-13,0.0,0.0,0.0,0.0,0.0,0.0,-0.15097316653740117,0
2022-06-14,0.0,0.0,0.0,0.0,0.0,0.0,-0.15097316653740117,0
2022-06-15,0.0,0.0,0.0,0.0,0.0,0.0,-0.15097316653740117,0
2022-06-16,0.0,0.0,0.0,0.0,0.0,0.0,-0.15097316653740117,0
2022-06-17,0.0,0.0,0.0,0.0,0.0,0.0,-0.15097316653740117,0
2022-06-20,-0.0,0.0,0.0,0.0,0.0,-0.0,-0.15097316653740117,1
2022-06-21,0.0,0.0,0.0,0.0,0.0,0.0,-0.15097316653740117,0
2022-06-22,0.0,0.0,0.0,0.0,0.0,0.0,-0.15097316653740117,0
2022-06-23,0.0,0.0,0.0,0.0,0.0,0.0,-0.15097316653740117,0
2022-06-24,0.0,0.0,0.0,0.0,0.0,0.0,-0.15097316653740117,0
2022-06-27,0.0,0.0,0.0,0.0,0.0,0.0,-0.15097316653740117,0
2022-06-28,0.0,0.0,0.0,0.0,0.0,0.0,-0.15097316653740117,0
2022-06-29,0.0,0.0,0.0,0.0,0.0,0.0,-0.15097316653740117,0
2022-06-30,0.0,0.0,0.0,0.0,0.0,0.0,-0.15097316653740117,0
2022-07-01,0.0,0.0,0.0,0.0,0.0,0.0,-0.15097316653740117,0
2022-07-04,-0.0,0.0,0.0,0.0,0.0,-0.0,-0.15097316653740117,1
2022-07-05,0.0,0.0,0.0,0.0,0.0,0.0,-0.15097316653740117,0
2022-07-06,0.0,0.0,0.0,0.0,0.0,0.0,-0.15097316653740117,0
2022-07-07,0.0,0.0,0.0,0.0,0.0,0.0,-0.15097316653740117,0
2022-07-08,0.0,0.0,0.0,0.0,0.0,0.0,-0.15097316653740117,0
2022-07-11,0.0,0.0,0.0,0.0,0.0,0.0,-0.15097316653740117,0
2022-07-12,0.0,0.0,0.0,0.0,0.0,0.0,-0.15097316653740117,0
2022-07-13,0.0,0.0,0.0,0.0,0.0,0.0,-0.15097316653740117,0
2022-07-14,0.0,0.0,0.0,0.0,0.0,0.0,-0.15097316653740117,0
2022-07-15,0.0,0.0,0.0,0.0,0.0,0.0,-0.15097316653740117,0
2022-07-18,0.0,0.0,0.0,0.0,0.0,0.0,-0.15097316653740117,0
2022-07-19,0.0,0.0,0.0,0.0,0.0,0.0,-0.15097316653740117,0
2022-07-20,0.0,0.0,0.0,0.0,0.0,0.0,-0.15097316653740117,0
2022-07-21,0.0,0.0,0.0,0.0,0.0,0.0,-0.15097316653740117,0
2022-07-22,0.0,0.0,0.0,0.0,0.0,0.0,-0.15097316653740117,0
2022-07-25,0.0,0.0,0.0,0.0,0.0,0.0,-0.15097316653740117,0
2022-07-26,0.0,0.0,0.0,0.0,0.0,0.0,-0.15097316653740117,0
2022-07-27,0.0,0.0,0.0,0.0,0.0,0.0,-0.15097316653740117,0
2022-07-28,0.0,0.0,0.0,0.0,0.0,0.0,-0.15097316653740117,0
2022-07-29,0.0,0.0,0.0,0.0,0.0,0.0,-0.15097316653740117,0
2022-08-01,0.0,0.0,0.0,0.0,0.0,0.0,-0.15097316653740117,0
2022-08-02,0.0,0.0,0.0,0.0,0.0,0.0,-0.15097316653740117,0
2022-08-03,0.0,0.0,0.0,0.0,0.0,0.0,-0.15097316653740117,0
2022-08-04,0.0,0.0,0.0,0.0,0.0,0.0,-0.15097316653740117,0
2022-08-05,0.0,0.0,0.0,0.0,0.0,0.0,-0.15097316653740117,0
2022-08-08,0.0,0.0,0.0,0.0,0.0,0.0,-0.15097316653740117,0
2022-08-09,0.0,0.0,0.0,0.0,0.0,0.0,-0.15097316653740117,0
2022-08-10,0.0,0.0,0.0,0.0,0.0,0.0,-0.15097316653740117,0
2022-08-11,0.0,0.0,0.0,0.0,0.0,0.0,-0.15097316653740117,0
2022-08-12,0.0,0.0,0.0,0.0,0.0,0.0,-0.15097316653740117,0
2022-08-16,0.0,0.0,0.0,0.0,0.0,0.0,-0.15097316653740117,0
2022-08-17,0.0,0.0,0.0,0.0,0.0,0.0,-0.15097316653740117,0
2022-08-18,0.0,0.0,0.0,0.0,0.0,0.0,-0.15097316653740117,0
2022-08-19,0.0,0.0,0.0,0.0,0.0,0.0,-0.15097316653740117,0
2022-08-22,0.0,0.0,0.0,0.0,0.0,0.0,-0.15097316653740117,0
2022-08-23,0.0,0.0,0.0,0.0,0.0,0.0,-0.15097316653740117,0
2022-08-24,0.0,0.0,0.0,0.0,0.0,0.0,-0.15097316653740117,0
2022-08-25,0.0,0.0,0.0,0.0,0.0,0.0,-0.15097316653740117,0
2022-08-26,0.0,0.0,0.0,0.0,0.0,0.0,-0.15097316653740117,0
2022-08-29,0.0,0.0,0.0,0.0,0.0,0.0,-0.15097316653740117,0
2022-08-30,0.0,0.0,0.0,0.0,0.0,0.0,-0.15097316653740117,0
2022-08-31,0.0,0.0,0.0,0.0,0.0,0.0,-0.15097316653740117,0
2022-09-01,0.0,0.0,0.0,0.0,0.0,0.0,-0.15097316653740117,0
2022-09-02,0.0,0.0,0.0,0.0,0.0,0.0,-0.15097316653740117,0
2022-09-05,-0.0,0.0,0.0,0.0,0.0,-0.0,-0.15097316653740117,1
2022-09-06,0.0,0.0,0.0,0.0,0.0,0.0,-0.15097316653740117,0
2022-09-07,0.0,0.0,0.0,0.0,0.0,0.0,-0.15097316653740117,0
2022-09-08,0.0,0.0,0.0,0.0,0.0,0.0,-0.15097316653740117,0
2022-09-13,0.0,0.0,0.0,0.0,0.0,0.0,-0.15097316653740117,0
2022-09-14,0.0,0.0,0.0,0.0,0.0,0.0,-0.15097316653740117,0
2022-09-15,0.0,0.0,0.0,0.0,0.0,0.0,-0.15097316653740117,0
2022-09-16,0.0,0.0,0.0,0.0,0.0,0.0,-0.15097316653740117,0
2022-09-19,0.0,0.0,0.0,0.0,0.0,0.0,-0.15097316653740117,0
2022-09-20,0.0,0.0,0.0,0.0,0.0,0.0,-0.15097316653740117,0
2022-09-21,0.0,0.0,0.0,0.0,0.0,0.0,-0.15097316653740117,0
2022-09-22,0.0,0.0,0.0,0.0,0.0,0.0,-0.15097316653740117,0
2022-09-23,0.0,0.0,0.0,0.0,0.0,0.0,-0.15097316653740117,0
2022-09-26,0.0,0.0,0.0,0.0,0.0,0.0,-0.15097316653740117,0
2022-09-27,0.0,0.0,0.0,0.0,0.0,0.0,-0.15097316653740117,0
2022-09-28,0.0,0.0,0.0,0.0,0.0,0.0,-0.15097316653740117,0
2022-09-29,0.0,0.0,0.0,0.0,0.0,0.0,-0.15097316653740117,0
2022-09-30,0.0,0.0,0.0,0.0,0.0,0.0,-0.15097316653740117,0
2022-10-04,0.0,0.0,0.0,0.0,0.0,0.0,-0.15097316653740117,0
2022-10-05,0.0,0.0,0.0,0.0,0.0,0.0,-0.15097316653740117,0
2022-10-06,0.0,0.0,0.0,0.0,0.0,0.0,-0.15097316653740117,0
2022-10-07,0.0,0.0,0.0,0.0,0.0,0.0,-0.15097316653740117,0
2022-10-11,0.0,0.0,0.0,0.0,0.0,0.0,-0.15097316653740117,0
2022-10-12,0.0,0.0,0.0,0.0,0.0,0.0,-0.15097316653740117,0
2022-10-13,0.0,0.0,0.0,0.0,0.0,0.0,-0.15097316653740117,0
2022-10-14,0.0,0.0,0.0,0.0,0.0,0.0,-0.15097316653740117,0
2022-10-17,0.0,0.0,0.0,0.0,0.0,0.0,-0.15097316653740117,0
2022-10-18,0.0,0.0,0.0,0.0,0.0,0.0,-0.15097316653740117,0
2022-10-19,0.0,0.0,0.0,0.0,0.0,0.0,-0.15097316653740117,0
2022-10-20,0.0,0.0,0.0,0.0,0.0,0.0,-0.15097316653740117,0
2022-10-21,0.0,0.0,0.0,0.0,0.0,0.0,-0.15097316653740117,0
2022-10-24,0.0,0.0,0.0,0.0,0.0,0.0,-0.15097316653740117,0
2022-10-25,0.0,0.0,0.0,0.0,0.0,0.0,-0.15097316653740117,0
2022-10-26,0.0,0.0,0.0,0.0,0.0,0.0,-0.15097316653740117,0
2022-10-27,0.0,0.0,0.0,0.0,0.0,0.0,-0.15097316653740117,0
2022-10-28,0.0,0.0,0.0,0.0,0.0,0.0,-0.15097316653740117,0
2022-10-31,0.0,0.0,0.0,0.0,0.0,0.0,-0.15097316653740117,0
2022-11-01,0.0,0.0,0.0,0.0,0.0,0.0,-0.15097316653740117,0
2022-11-02,0.0,0.0,0.0,0.0,0.0,0.0,-0.15097316653740117,0
2022-11-03,0.0,0.0,0.0,0.0,0.0,0.0,-0.15097316653740117,0
2022-11-04,0.0,0.0,0.0,0.0,0.0,0.0,-0.15097316653740117,0
2022-11-07,0.0,0.0,0.0,0.0,0.0,0.0,-0.15097316653740117,0
2022-11-08,0.0,0.0,0.0,0.0,0.0,0.0,-0.15097316653740117,0
2022-11-09,0.0,0.0,0.0,0.0,0.0,0.0,-0.15097316653740117,0
2022-11-10,0.0,0.0,0.0,0.0,0.0,0.0,-0.15097316653740117,0
2022-11-11,0.0,0.0,0.0,0.0,0.0,0.0,-0.15097316653740117,0
2022-11-14,0.0,0.0,0.0,0.0,0.0,0.0,-0.15097316653740117,0
2022-11-15,0.0,0.0,0.0,0.0,0.0,0.0,-0.15097316653740117,0
2022-11-16,0.0,0.0,0.0,0.0,0.0,0.0,-0.15097316653740117,0
2022-11-17,0.0,0.0,0.0,0.0,0.0,0.0,-0.15097316653740117,0
2022-11-18,0.0,0.0,0.0,0.0,0.0,0.0,-0.15097316653740117,0
2022-11-21,0.0,0.0,0.0,0.0,0.0,0.0,-0.15097316653740117,0
2022-11-22,0.0,0.0,0.0,0.0,0.0,0.0,-0.15097316653740117,0
2022-11-23,0.0,0.0,0.0,0.0,0.0,0.0,-0.15097316653740117,0
2022-11-24,0.0,0.0,0.0,0.0,0.0,0.0,-0.15097316653740117,1
2022-11-25,0.0,0.0,0.0,0.0,0.0,0.0,-0.15097316653740117,0
2022-11-28,0.0,0.0,0.0,0.0,0.0,0.0,-0.15097316653740117,0
2022-11-29,0.0,0.0,0.0,0.0,0.0,0.0,-0.15097316653740117,0
2022-11-30,0.0,0.0,0.0,0.0,0.0,0.0,-0.15097316653740117,0
2022-12-01,0.0,0.0,0.0,0.0,0.0,0.0,-0.15097316653740117,0
2022-12-02,0.0,0.0,0.0,0.0,0.0,0.0,-0.15097316653740117,0
2022-12-05,0.0,0.0,0.0,0.0,0.0,0.0,-0.15097316653740117,0
2022-12-06,0.0,0.0,0.0,0.0,0.0,0.0,-0.15097316653740117,0
2022-12-07,0.0,0.0,0.0,0.0,0.0,0.0,-0.15097316653740117,0
2022-12-08,0.0,0.0,0.0,0.0,0.0,0.0,-0.15097316653740117,0
2022-12-09,0.0,0.0,0.0,0.0,0.0,0.0,-0.15097316653740117,0
2022-12-12,0.0,0.0,0.0,0.0,0.0,0.0,-0.15097316653740117,0
2022-12-13,0.0,0.0,0.0,0.0,0.0,0.0,-0.15097316653740117,0
2022-12-14,0.0,0.0,0.0,0.0,0.0,0.0,-0.15097316653740117,0
2022-12-15,0.0,0.0,0.0,0.0,0.0,0.0,-0.15097316653740117,0
2022-12-16,0.0,0.0,0.0,0.0,0.0,0.0,-0.15097316653740117,0
2022-12-19,0.0,0.0,0.0,0.0,0.0,0.0,-0.15097316653740117,0
2022-12-20,0.0,0.0,0.0,0.0,0.0,0.0,-0.15097316653740117,0
2022-12-21,0.0,0.0,0.0,0.0,0.0,0.0,-0.15097316653740117,0
2022-12-22,0.0,0.0,0.0,0.0,0.0,0.0,-0.15097316653740117,0
2022-12-23,0.0,0.0,0.0,0.0,0.0,0.0,-0.15097316653740117,0
2022-12-26,0.0,0.0,0.0,0.0,0.0,0.0,-0.15097316653740117,1
2022-12-27,0.0,0.0,0.0,0.0,0.0,0.0,-0.15097316653740117,0
2022-12-28,0.0,0.0,0.0,0.0,0.0,0.0,-0.15097316653740117,0
2022-12-29,0.0,0.0,0.0,0.0,0.0,0.0,-0.15097316653740117,0
2023-01-02,-0.0,0.0,0.0,0.0,0.0,-0.0,-0.15097316653740117,1
2023-01-03,0.0,0.0,0.0,0.0,0.0,0.0,-0.15097316653740117,0
2023-01-04,0.0,0.0,0.0,0.0,0.0,0.0,-0.15097316653740117,0
2023-01-05,0.0,0.0,0.0,0.0,0.0,0.0,-0.15097316653740117,0
2023-01-06,0.0,0.0,0.0,0.0,0.0,0.0,-0.15097316653740117,0
2023-01-09,0.0,0.0,0.0,0.0,0.0,0.0,-0.15097316653740117,0
2023-01-10,0.0,0.0,0.0,0.0,0.0,0.0,-0.15097316653740117,0
2023-01-11,0.0,0.0,0.0,0.0,0.0,0.0,-0.15097316653740117,0
2023-01-12,0.0,0.0,0.0,0.0,0.0,0.0,-0.15097316653740117,0
2023-01-13,0.0,0.0,0.0,0.0,0.0,0.0,-0.15097316653740117,0
2023-01-16,0.0,0.0,0.0,0.0,0.0,0.0,-0.15097316653740117,1
2023-01-17,0.0,0.0,0.0,0.0,0.0,0.0,-0.15097316653740117,0
2023-01-18,0.0,0.0,0.0,0.0,0.0,0.0,-0.15097316653740117,0
2023-01-19,0.0,0.0,0.0,0.0,0.0,0.0,-0.15097316653740117,0
2023-01-20,0.0,0.0,0.0,0.0,0.0,0.0,-0.15097316653740117,0
2023-01-25,0.0,0.0,0.0,0.0,0.0,0.0,-0.15097316653740117,0
2023-01-26,0.0,0.0,0.0,0.0,0.0,0.0,-0.15097316653740117,0
2023-01-27,0.0,0.0,0.0,0.0,0.0,0.0,-0.15097316653740117,0
2023-01-30,0.0,0.0,0.0,0.0,0.0,0.0,-0.15097316653740117,0
2023-01-31,0.0,0.0,0.0,0.0,0.0,0.0,-0.15097316653740117,0
2023-02-01,0.0,0.0,0.0,0.0,0.0,0.0,-0.15097316653740117,0
2023-02-02,0.0,0.0,0.0,0.0,0.0,0.0,-0.15097316653740117,0
2023-02-03,0.0,0.0,0.0,0.0,0.0,0.0,-0.15097316653740117,0
2023-02-06,0.0,0.0,0.0,0.0,0.0,0.0,-0.15097316653740117,0
2023-02-07,0.0,0.0,0.0,0.0,0.0,0.0,-0.15097316653740117,0
2023-02-08,0.0,0.0,0.0,0.0,0.0,0.0,-0.15097316653740117,0
2023-02-09,0.0,0.0,0.0,0.0,0.0,0.0,-0.15097316653740117,0
2023-02-10,0.0,0.0,0.0,0.0,0.0,0.0,-0.15097316653740117,0
2023-02-13,0.0,0.0,0.0,0.0,0.0,0.0,-0.15097316653740117,0
2023-02-14,0.0,0.0,0.0,0.0,0.0,0.0,-0.15097316653740117,0
2023-02-15,0.0,0.0,0.0,0.0,0.0,0.0,-0.15097316653740117,0
2023-02-16,0.0,0.0,0.0,0.0,0.0,0.0,-0.15097316653740117,0
2023-02-17,0.0,0.0,0.0,0.0,0.0,0.0,-0.15097316653740117,0
2023-02-20,0.0,0.0,0.0,0.0,0.0,0.0,-0.15097316653740117,1
2023-02-21,0.0,0.0,0.0,0.0,0.0,0.0,-0.15097316653740117,1
2023-02-22,-0.0,0.0,0.0,0.0,0.0,-0.0,-0.15097316653740117,1
2023-02-23,0.0,0.0,0.0,0.0,0.0,0.0,-0.15097316653740117,1
2023-02-24,-0.0,0.0,0.0,0.0,0.0,-0.0,-0.15097316653740117,1
2023-02-27,-0.0,0.0,0.0,0.0,0.0,-0.0,-0.15097316653740117,1
2023-02-28,-0.0,0.0,0.0,0.0,0.0,-0.0,-0.15097316653740117,1
2023-03-02,0.0,0.0,0.0,0.0,0.0,0.0,-0.15097316653740117,1
2023-03-03,-0.0,0.0,0.0,0.0,0.0,-0.0,-0.15097316653740117,1
2023-03-06,0.0,0.0,0.0,0.0,0.0,0.0,-0.15097316653740117,1
2023-03-07,0.0,0.0,0.0,0.0,0.0,0.0,-0.15097316653740117,1
2023-03-08,-0.0,0.0,0.0,0.0,0.0,-0.0,-0.15097316653740117,1
2023-03-09,-0.0,0.0,0.0,0.0,0.0,-0.0,-0.15097316653740117,1
2023-03-10,0.0,0.0,0.0,0.0,0.0,0.0,-0.15097316653740117,1
2023-03-13,0.0,0.0,0.0,0.0,0.0,0.0,-0.15097316653740117,1
2023-03-14,-0.0,0.0,0.0,0.0,0.0,-0.0,-0.15097316653740117,1
2023-03-15,-0.0,0.0,0.0,0.0,0.0,-0.0,-0.15097316653740117,1
2023-03-16,0.0,0.0,0.0,0.0,0.0,0.0,-0.15097316653740117,1
2023-03-17,-0.0,0.0,0.0,0.0,0.0,-0.0,-0.15097316653740117,1
2023-03-20,-0.0,0.0,0.0,0.0,0.0,-0.0,-0.15097316653740117,1
2023-03-21,-0.0,0.0,0.0,0.0,0.0,-0.0,-0.15097316653740117,1
2023-03-22,0.0,0.0,0.0,0.0,0.0,0.0,-0.15097316653740117,1
2023-03-23,0.0,0.0,0.0,0.0,0.0,0.0,-0.15097316653740117,1
2023-03-24,-0.0,0.0,0.0,0.0,0.0,-0.0,-0.15097316653740117,1
2023-03-27,-0.0,0.0,0.0,0.0,0.0,-0.0,-0.15097316653740117,1
2023-03-28,0.0,0.0,0.0,0.0,0.0,0.0,-0.15097316653740117,1
2023-03-29,0.0,0.0,0.0,0.0,0.0,0.0,-0.15097316653740117,1
2023-03-30,0.0,0.0,0.0,0.0,0.0,0.0,-0.15097316653740117,1
2023-03-31,0.0,0.0,0.0,0.0,0.0,0.0,-0.15097316653740117,1
2023-04-03,-0.0,0.0,0.0,0.0,0.0,-0.0,-0.15097316653740117,1
2023-04-04,0.0,0.0,0.0,0.0,0.0,0.0,-0.15097316653740117,1
2023-04-05,0.0,0.0,0.0,0.0,0.0,0.0,-0.15097316653740117,1
2023-04-06,-0.0,0.0,0.0,0.0,0.0,-0.0,-0.15097316653740117,1
2023-04-07,0.0,0.0,0.0,0.0,0.0,0.0,-0.15097316653740117,1
2023-04-10,0.0,0.0,0.0,0.0,0.0,0.0,-0.15097316653740117,1
2023-04-11,0.0,0.0,0.0,0.0,0.0,0.0,-0.15097316653740117,1
2023-04-12,0.0,0.0,0.0,0.0,0.0,0.0,-0.15097316653740117,1
2023-04-13,0.0,0.0,0.0,0.0,0.0,0.0,-0.15097316653740117,1
2023-04-14,-0.0,0.0,0.0,0.0,0.0,-0.0,-0.15097316653740117,1
2023-04-17,0.0,0.0,0.0,0.0,0.0,0.0,-0.15097316653740117,1
2023-04-18,-0.0,0.0,0.0,0.0,0.0,-0.0,-0.15097316653740117,1
2023-04-19,0.0,0.0,0.0,0.0,0.0,0.0,-0.15097316653740117,1
2023-04-20,-0.0,0.0,0.0,0.0,0.0,-0.0,-0.15097316653740117,1
2023-04-21,-0.0,0.0,0.0,0.0,0.0,-0.0,-0.15097316653740117,1
2023-04-24,-0.0,0.0,0.0,0.0,0.0,-0.0,-0.15097316653740117,1
2023-04-25,-0.0,0.0,0.0,0.0,0.0,-0.0,-0.15097316653740117,1
2023-04-26,-0.0,0.0,0.0,0.0,0.0,-0.0,-0.15097316653740117,1
2023-04-27,0.0,0.0,0.0,0.0,0.0,0.0,-0.15097316653740117,1
2023-04-28,-0.0,0.0,0.0,0.0,0.0,-0.0,-0.15097316653740117,1
2023-05-02,0.0,0.0,0.0,0.0,0.0,0.0,-0.15097316653740117,1
2023-05-03,-0.0,0.0,0.0,0.0,0.0,-0.0,-0.15097316653740117,1
2023-05-04,0.0,0.0,0.0,0.0,0.0,0.0,-0.15097316653740117,1
2023-05-08,-0.0,0.0,0.0,0.0,0.0,-0.0,-0.15097316653740117,1
2023-05-09,-0.0,0.0,0.0,0.0,0.0,-0.0,-0.15097316653740117,1
2023-05-10,-0.0,0.0,0.0,0.0,0.0,-0.0,-0.15097316653740117,1
2023-05-11,-0.0,0.0,0.0,0.0,0.0,-0.0,-0.15097316653740117,1
2023-05-12,-0.0,0.0,0.0,0.0,0.0,-0.0,-0.15097316653740117,1
2023-05-15,0.0,0.0,0.0,0.0,0.0,0.0,-0.15097316653740117,1
2023-05-16,-0.0,0.0,0.0,0.0,0.0,-0.0,-0.15097316653740117,1
2023-05-17,0.0,0.0,0.0,0.0,0.0,0.0,-0.15097316653740117,1
2023-05-18,0.0,0.0,0.0,0.0,0.0,0.0,-0.15097316653740117,1
2023-05-19,0.0,0.0,0.0,0.0,0.0,0.0,-0.15097316653740117,1
2023-05-22,0.0,0.0,0.0,0.0,0.0,0.0,-0.15097316653740117,1
2023-05-23,0.0,0.0,0.0,0.0,0.0,0.0,-0.15097316653740117,1
2023-05-24,0.0,0.0,0.0,0.0,0.0,0.0,-0.15097316653740117,1
2023-05-25,-0.0,0.0,0.0,0.0,0.0,-0.0,-0.15097316653740117,1
2023-05-26,-0.0,0.0,0.0,0.0,0.0,-0.0,-0.15097316653740117,1
2023-05-30,0.0,0.0,0.0,0.0,0.0,0.0,-0.15097316653740117,1
2023-05-31,-0.0,0.0,0.0,0.0,0.0,-0.0,-0.15097316653740117,1
2023-06-01,-0.0,0.0,0.0,0.0,0.0,-0.0,-0.15097316653740117,1
2023-06-02,0.0,0.0,0.0,0.0,0.0,0.0,-0.15097316653740117,1
2023-06-05,-0.0,0.0,0.0,0.0,0.0,-0.0,-0.15097316653740117,1
2023-06-07,-0.0,0.0,0.0,0.0,0.0,-0.0,-0.15097316653740117,1
2023-06-08,0.0,0.0,0.0,0.0,0.0,0.0,-0.15097316653740117,1
2023-06-09,0.0,0.0,0.0,0.0,0.0,0.0,-0.15097316653740117,1
2023-06-12,-0.0,0.0,0.0,0.0,0.0,-0.0,-0.15097316653740117,1
2023-06-13,-0.0,0.0,0.0,0.0,0.0,-0.0,-0.15097316653740117,1
2023-06-14,-0.0,0.0,0.0,0.0,0.0,-0.0,-0.15097316653740117,1
2023-06-15,-0.0,0.0,0.0,0.0,0.0,-0.0,-0.15097316653740117,1
2023-06-16,0.0,0.0,0.0,0.0,0.0,0.0,-0.15097316653740117,1
2023-06-19,-0.0,0.0,0.0,0.0,0.0,-0.0,-0.15097316653740117,1
2023-06-20,0.0,0.0,0.0,0.0,0.0,0.0,-0.15097316653740117,1
2023-06-21,-0.0,0.0,0.0,0.0,0.0,-0.0,-0.15097316653740117,1
2023-06-22,0.0,0.0,0.0,0.0,0.0,0.0,-0.15097316653740117,1
2023-06-23,-0.0,0.0,0.0,0.0,0.0,-0.0,-0.15097316653740117,1
2023-06-26,0.0,0.0,0.0,0.0,0.0,0.0,-0.15097316653740117,1
2023-06-27,0.0,0.0,0.0,0.0,0.0,0.0,-0.15097316653740117,1
2023-06-28,-0.0,0.0,0.0,0.0,0.0,-0.0,-0.15097316653740117,1
2023-06-29,-0.0,0.0,0.0,0.0,0.0,-0.0,-0.15097316653740117,1
2023-06-30,0.0,0.0,0.0,0.0,0.0,0.0,-0.15097316653740117,1
2023-07-03,0.0,0.0,0.0,0.0,0.0,0.0,-0.15097316653740117,1
2023-07-04,-0.0,0.0,0.0,0.0,0.0,-0.0,-0.15097316653740117,1
2023-07-05,-0.0,0.0,0.0,0.0,0.0,-0.0,-0.15097316653740117,1
2023-07-06,-0.0,0.0,0.0,0.0,0.0,-0.0,-0.15097316653740117,1
2023-07-07,-0.0,0.0,0.0,0.0,0.0,-0.0,-0.15097316653740117,1
2023-07-10,-0.0,0.0,0.0,0.0,0.0,-0.0,-0.15097316653740117,1
2023-07-11,0.0,0.0,0.0,0.0,0.0,0.0,-0.15097316653740117,1
2023-07-12,0.0,0.0,0.0,0.0,0.0,0.0,-0.15097316653740117,1
2023-07-13,0.0,0.0,0.0,0.0,0.0,0.0,-0.15097316653740117,1
2023-07-14,0.0,0.0,0.0,0.0,0.0,0.0,-0.15097316653740117,1
2023-07-17,0.0,0.0,0.0,0.0,0.0,0.0,-0.15097316653740117,1
2023-07-18,-0.0,0.0,0.0,0.0,0.0,-0.0,-0.15097316653740117,1
2023-07-19,-0.0,0.0,0.0,0.0,0.0,-0.0,-0.15097316653740117,1
2023-07-20,0.0,0.0,0.0,0.0,0.0,0.0,-0.15097316653740117,1
2023-07-21,0.0,0.0,0.0,0.0,0.0,0.0,-0.15097316653740117,1
2023-07-24,0.0,0.0,0.0,0.0,0.0,0.0,-0.15097316653740117,1
2023-07-25,-0.0,0.0,0.0,0.0,0.0,-0.0,-0.15097316653740117,1
2023-07-26,-0.0,0.0,0.0,0.0,0.0,-0.0,-0.15097316653740117,1
2023-07-27,0.0,0.0,0.0,0.0,0.0,0.0,-0.15097316653740117,1
2023-07-28,0.0,0.0,0.0,0.0,0.0,0.0,-0.15097316653740117,1
2023-07-31,0.0,0.0,0.0,0.0,0.0,0.0,-0.15097316653740117,1
2023-08-01,0.0,0.0,0.0,0.0,0.0,0.0,-0.15097316653740117,1
2023-08-02,-0.0,0.0,0.0,0.0,0.0,-0.0,-0.15097316653740117,1
2023-08-03,-0.0,0.0,0.0,0.0,0.0,-0.0,-0.15097316653740117,1
2023-08-04,-0.0,0.0,0.0,0.0,0.0,-0.0,-0.15097316653740117,1
2023-08-07,-0.0,0.0,0.0,0.0,0.0,-0.0,-0.15097316653740117,1
2023-08-08,-0.0,0.0,0.0,0.0,0.0,-0.0,-0.15097316653740117,1
2023-08-09,0.0,0.0,0.0,0.0,0.0,0.0,-0.15097316653740117,1
2023-08-10,0.0,0.0,0.0,0.0,0.0,0.0,-0.15097316653740117,1
2023-08-11,-0.0,0.0,0.0,0.0,0.0,-0.0,-0.15097316653740117,1
2023-08-14,-0.0,0.0,0.0,0.0,0.0,-0.0,-0.15097316653740117,1
2023-08-16,-0.0,0.0,0.0,0.0,0.0,-0.0,-0.15097316653740117,1
2023-08-17,0.0,0.0,0.0,0.0,0.0,0.0,-0.15097316653740117,1
2023-08-18,0.0,0.0,0.0,0.0,0.0,0.0,-0.15097316653740117,1
2023-08-21,-0.0,0.0,0.0,0.0,0.0,-0.0,-0.15097316653740117,1
2023-08-22,-0.0,0.0,0.0,0.0,0.0,-0.0,-0.15097316653740117,1
2023-08-23,-0.0,0.0,0.0,0.0,0.0,-0.0,-0.15097316653740117,1
2023-08-24,0.0,0.0,0.0,0.0,0.0,0.0,-0.15097316653740117,1
2023-08-25,0.0,0.0,0.0,0.0,0.0,0.0,-0.15097316653740117,1
2023-08-28,0.0,0.0,0.0,0.0,0.0,0.0,-0.15097316653740117,1
2023-08-29,0.0,0.0,0.0,0.0,0.0,0.0,-0.15097316653740117,1
2023-08-30,-0.0,0.0,0.0,0.0,0.0,-0.0,-0.15097316653740117,1
2023-08-31,-0.0,0.0,0.0,0.0,0.0,-0.0,-0.15097316653740117,1
2023-09-01,0.0,0.0,0.0,0.0,0.0,0.0,-0.15097316653740117,1
2023-09-04,0.0,0.0,0.0,0.0,0.0,0.0,-0.15097316653740117,1
2023-09-05,0.0,0.0,0.0,0.0,0.0,0.0,-0.15097316653740117,1
2023-09-06,-0.0,0.0,0.0,0.0,0.0,-0.0,-0.15097316653740117,1
2023-09-07,-0.0,0.0,0.0,0.0,0.0,-0.0,-0.15097316653740117,1
2023-09-08,0.0,0.0,0.0,0.0,0.0,0.0,-0.15097316653740117,1
2023-09-11,0.0,0.0,0.0,0.0,0.0,0.0,-0.15097316653740117,1
2023-09-12,-0.0,0.0,0.0,0.0,0.0,-0.0,-0.15097316653740117,1
2023-09-13,-0.0,0.0,0.0,0.0,0.0,-0.0,-0.15097316653740117,1
2023-09-14,0.0,0.0,0.0,0.0,0.0,0.0,-0.15097316653740117,1
2023-09-15,0.0,0.0,0.0,0.0,0.0,0.0,-0.15097316653740117,1
2023-09-18,-0.0,0.0,0.0,0.0,0.0,-0.0,-0.15097316653740117,1
2023-09-19,-0.0,0.0,0.0,0.0,0.0,-0.0,-0.15097316653740117,1
2023-09-20,0.0,0.0,0.0,0.0,0.0,0.0,-0.15097316653740117,1
2023-09-21,-0.0,0.0,0.0,0.0,0.0,-0.0,-0.15097316653740117,1
2023-09-22,0.0,0.0,0.0,0.0,0.0,0.0,-0.15097316653740117,1
2023-09-25,-0.0,0.0,0.0,0.0,0.0,-0.0,-0.15097316653740117,1
2023-09-26,-0.0,0.0,0.0,0.0,0.0,-0.0,-0.15097316653740117,1
2023-09-27,0.0,0.0,0.0,0.0,0.0,0.0,-0.15097316653740117,0
2023-10-04,-0.0,0.0,0.0,0.0,0.0,-0.0,-0.15097316653740117,1
2023-10-05,-0.0,0.0,0.0,0.0,0.0,-0.0,-0.15097316653740117,1
2023-10-06,-0.0,0.0,0.0,0.0,0.0,-0.0,-0.15097316653740117,1
2023-10-10,-0.0,0.0,0.0,0.0,0.0,-0.0,-0.15097316653740117,1
2023-10-11,0.0,0.0,0.0,0.0,0.0,0.0,-0.15097316653740117,1
2023-10-12,0.0,0.0,0.0,0.0,0.0,0.0,-0.15097316653740117,1
2023-10-13,-0.0,0.0,0.0,0.0,0.0,-0.0,-0.15097316653740117,1
2023-10-16,-0.0,0.0,0.0,0.0,0.0,-0.0,-0.15097316653740117,1
2023-10-17,0.0,0.0,0.0,0.0,0.0,0.0,-0.15097316653740117,1
2023-10-18,0.0,0.0,0.0,0.0,0.0,0.0,-0.15097316653740117,1
2023-10-19,-0.0,0.0,0.0,0.0,0.0,-0.0,-0.15097316653740117,1
2023-10-20,-0.0,0.0,0.0,0.0,0.0,-0.0,-0.15097316653740117,1
2023-10-23,-0.0,0.0,0.0,0.0,0.0,-0.0,-0.15097316653740117,1
2023-10-24,0.0,0.0,0.0,0.0,0.0,0.0,-0.15097316653740117,1
2023-10-25,-0.0,0.0,0.0,0.0,0.0,-0.0,-0.15097316653740117,1
2023-10-26,-0.0,0.0,0.0,0.0,0.0,-0.0,-0.15097316653740117,1
2023-10-27,-0.0,0.0,0.0,0.0,0.0,-0.0,-0.15097316653740117,1
2023-10-30,0.0,0.0,0.0,0.0,0.0,0.0,-0.15097316653740117,1
2023-10-31,-0.0,0.0,0.0,0.0,0.0,-0.0,-0.15097316653740117,1
2023-11-01,0.0,0.0,0.0,0.0,0.0,0.0,-0.15097316653740117,1
2023-11-02,0.0,0.0,0.0,0.0,0.0,0.0,-0.15097316653740117,1
2023-11-03,0.0,0.0,0.0,0.0,0.0,0.0,-0.15097316653740117,1
2023-11-06,0.0,0.0,0.0,0.0,0.0,0.0,-0.15097316653740117,1
2023-11-07,-0.0,0.0,0.0,0.0,0.0,-0.0,-0.15097316653740117,1
2023-11-08,-0.0,0.0,0.0,0.0,0.0,-0.0,-0.15097316653740117,1
2023-11-09,0.0,0.0,0.0,0.0,0.0,0.0,-0.15097316653740117,1
2023-11-10,0.0,0.0,0.0,0.0,0.0,0.0,-0.15097316653740117,1
2023-11-13,-0.0,0.0,0.0,0.0,0.0,-0.0,-0.15097316653740117,1
2023-11-14,0.0,0.0,0.0,0.0,0.0,0.0,-0.15097316653740117,1
2023-11-15,0.0,0.0,0.0,0.0,0.0,0.0,-0.15097316653740117,1
2023-11-16,0.0,0.0,0.0,0.0,0.0,0.0,-0.15097316653740117,1
2023-11-17,-0.0,0.0,0.0,0.0,0.0,-0.0,-0.15097316653740117,1
2023-11-20,0.0,0.0,0.0,0.0,0.0,0.0,-0.15097316653740117,1
2023-11-21,0.0,0.0,0.0,0.0,0.0,0.0,-0.15097316653740117,1
2023-11-22,0.0,0.0,0.0,0.0,0.0,0.0,-0.15097316653740117,1
2023-11-23,-0.0,0.0,0.0,0.0,0.0,-0.0,-0.15097316653740117,1
2023-11-24,-0.0,0.0,0.0,0.0,0.0,-0.0,-0.15097316653740117,1
2023-11-27,-0.0,0.0,0.0,0.0,0.0,-0.0,-0.15097316653740117,1
2023-11-28,0.0,0.0,0.0,0.0,0.0,0.0,-0.15097316653740117,1
2023-11-29,0.0,0.0,0.0,0.0,0.0,0.0,-0.15097316653740117,1
2023-11-30,0.0,0.0,0.0,0.0,0.0,0.0,-0.15097316653740117,1
2023-12-01,-0.0,0.0,0.0,0.0,0.0,-0.0,-0.15097316653740117,1
2023-12-04,-0.0,0.0,0.0,0.0,0.0,-0.0,-0.15097316653740117,1
2023-12-05,-0.0,0.0,0.0,0.0,0.0,-0.0,-0.15097316653740117,1
2023-12-06,-0.0,0.0,0.0,0.0,0.0,-0.0,-0.15097316653740117,1
2023-12-07,-0.0,0.0,0.0,0.0,0.0,-0.0,-0.15097316653740117,1
2023-12-08,0.0,0.0,0.0,0.0,0.0,0.0,-0.15097316653740117,1
2023-12-11,0.0,0.0,0.0,0.0,0.0,0.0,-0.15097316653740117,1
2023-12-12,0.0,0.0,0.0,0.0,0.0,0.0,-0.15097316653740117,1
2023-12-13,-0.0,0.0,0.0,0.0,0.0,-0.0,-0.15097316653740117,1
2023-12-14,-0.0,0.0,0.0,0.0,0.0,-0.0,-0.15097316653740117,1
2023-12-15,0.0,0.0,0.0,0.0,0.0,0.0,-0.15097316653740117,1
2023-12-18,-0.0,0.0,0.0,0.0,0.0,-0.0,-0.15097316653740117,1
2023-12-19,0.0,0.0,0.0,0.0,0.0,0.0,-0.15097316653740117,1
2023-12-20,0.0,0.0,0.0,0.0,0.0,0.0,-0.15097316653740117,1
2023-12-21,0.0,0.0,0.0,0.0,0.0,0.0,-0.15097316653740117,1
2023-12-22,-0.0,0.0,0.0,0.0,0.0,-0.0,-0.15097316653740117,1
2023-12-26,-0.0,0.0,0.0,0.0,0.0,-0.0,-0.15097316653740117,1
2023-12-27,0.0,0.0,0.0,0.0,0.0,0.0,-0.15097316653740117,1
2023-12-28,0.0,0.0,0.0,0.0,0.0,0.0,-0.15097316653740117,1
2024-01-02,0.0,0.0,0.0,0.0,0.0,0.0,-0.15097316653740117,1
2024-01-03,-0.0,0.0,0.0,0.0,0.0,-0.0,-0.15097316653740117,1
2024-01-04,-0.0,0.0,0.0,0.0,0.0,-0.0,-0.15097316653740117,1
2024-01-05,-0.0,0.0,0.0,0.0,0.0,-0.0,-0.15097316653740117,1
2024-01-08,-0.0,0.0,0.0,0.0,0.0,-0.0,-0.15097316653740117,1
2024-01-09,-0.0,0.0,0.0,0.0,0.0,-0.0,-0.15097316653740117,1
2024-01-10,-0.0,0.0,0.0,0.0,0.0,-0.0,-0.15097316653740117,1
2024-01-11,-0.0,0.0,0.0,0.0,0.0,-0.0,-0.15097316653740117,1
2024-01-12,-0.0,0.0,0.0,0.0,0.0,-0.0,-0.15097316653740117,1
2024-01-15,0.0,0.0,0.0,0.0,0.0,0.0,-0.15097316653740117,1
2024-01-16,-0.0,0.0,0.0,0.0,0.0,-0.0,-0.15097316653740117,1
2024-01-17,-0.0,0.0,0.0,0.0,0.0,-0.0,-0.15097316653740117,1
2024-01-18,0.0,0.0,0.0,0.0,0.0,0.0,-0.15097316653740117,1
2024-01-19,0.0,0.0,0.0,0.0,0.0,0.0,-0.15097316653740117,1
2024-01-22,-0.0,0.0,0.0,0.0,0.0,-0.0,-0.15097316653740117,1
2024-01-23,0.0,0.0,0.0,0.0,0.0,0.0,-0.15097316653740117,1
2024-01-24,-0.0,0.0,0.0,0.0,0.0,-0.0,-0.15097316653740117,1
2024-01-25,0.0,0.0,0.0,0.0,0.0,0.0,-0.15097316653740117,1
2024-01-26,0.0,0.0,0.0,0.0,0.0,0.0,-0.15097316653740117,1
2024-01-29,0.0,0.0,0.0,0.0,0.0,0.0,-0.15097316653740117,1
2024-01-30,-0.0,0.0,0.0,0.0,0.0,-0.0,-0.15097316653740117,1
2024-01-31,0.0,0.0,0.0,0.0,0.0,0.0,-0.15097316653740117,1
2024-02-01,0.0,0.0,0.0,0.0,0.0,0.0,-0.15097316653740117,1
2024-02-02,0.0,0.0,0.0,0.0,0.0,0.0,-0.15097316653740117,1
2024-02-05,-0.0,0.0,0.0,0.0,0.0,-0.0,-0.15097316653740117,1
2024-02-06,-0.0,0.0,0.0,0.0,0.0,-0.0,-0.15097316653740117,1
2024-02-07,0.0,0.0,0.0,0.0,0.0,0.0,-0.15097316653740117,1
2024-02-08,0.0,0.0,0.0,0.0,0.0,0.0,-0.15097316653740117,1
2024-02-13,0.0,0.0,0.0,0.0,0.0,0.0,-0.15097316653740117,1
2024-02-14,0.0,0.0,0.0,0.0,0.0,0.0,-0.15097316653740117,1
2024-02-15,-0.0,0.0,0.0,0.0,0.0,-0.0,-0.15097316653740117,1
2024-02-16,0.0,0.0,0.0,0.0,0.0,0.0,-0.15097316653740117,1
2024-02-19,0.0,0.0,0.0,0.0,0.0,0.0,-0.15097316653740117,1
2024-02-20,-0.0,0.0,0.0,0.0,0.0,-0.0,-0.15097316653740117,1
2024-02-21,-0.0,0.0,0.0,0.0,0.0,-0.0,-0.15097316653740117,1
2024-02-22,-0.0,0.0,0.0,0.0,0.0,-0.0,-0.15097316653740117,1
2024-02-23,-0.0,0.0,0.0,0.0,0.0,-0.0,-0.15097316653740117,1
2024-02-26,-0.0,0.0,0.0,0.0,0.0,-0.0,-0.15097316653740117,1
2024-02-27,-0.0,0.0,0.0,0.0,0.0,-0.0,-0.15097316653740117,1
2024-02-28,0.0,0.0,0.0,0.0,0.0,0.0,-0.15097316653740117,1
2024-02-29,-0.0,0.0,0.0,0.0,0.0,-0.0,-0.15097316653740117,1
2024-03-04,0.0,0.0,0.0,0.0,0.0,0.0,-0.15097316653740117,1
2024-03-05,-0.0,0.0,0.0,0.0,0.0,-0.0,-0.15097316653740117,1
2024-03-06,0.0,0.0,0.0,0.0,0.0,0.0,-0.15097316653740117,1
2024-03-07,-0.0,0.0,0.0,0.0,0.0,-0.0,-0.15097316653740117,1
2024-03-08,0.0,0.0,0.0,0.0,0.0,0.0,-0.15097316653740117,1
2024-03-11,-0.0,0.0,0.0,0.0,0.0,-0.0,-0.15097316653740117,1
2024-03-12,0.0,0.0,0.0,0.0,0.0,0.0,-0.15097316653740117,1
2024-03-13,-0.0,0.0,0.0,0.0,0.0,-0.0,-0.15097316653740117,1
2024-03-14,0.0,0.0,0.0,0.0,0.0,0.0,-0.15097316653740117,1
2024-03-15,-0.0,0.0,0.0,0.0,0.0,-0.0,-0.15097316653740117,1
2024-03-18,0.0,0.0,0.0,0.0,0.0,0.0,-0.15097316653740117,1
2024-03-19,-0.0,0.0,0.0,0.0,0.0,-0.0,-0.15097316653740117,1
2024-03-20,0.0,0.0,0.0,0.0,0.0,0.0,-0.15097316653740117,1
2024-03-21,0.0,0.0,0.0,0.0,0.0,0.0,-0.15097316653740117,1
2024-03-22,-0.0,0.0,0.0,0.0,0.0,-0.0,-0.15097316653740117,1
2024-03-25,-0.0,0.0,0.0,0.0,0.0,-0.0,-0.15097316653740117,1
2024-03-26,0.0,0.0,0.0,0.0,0.0,0.0,-0.15097316653740117,1
2024-03-27,0.0,0.0,0.0,0.0,0.0,0.0,-0.15097316653740117,1
2024-03-28,-0.0,0.0,0.0,0.0,0.0,-0.0,-0.15097316653740117,1
2024-03-29,-0.0,0.0,0.0,0.0,0.0,-0.0,-0.15097316653740117,1
2024-04-01,-0.0,0.0,0.0,0.0,0.0,-0.0,-0.15097316653740117,1
2024-04-02,0.0,0.0,0.0,0.0,0.0,0.0,-0.15097316653740117,1
2024-04-03,-0.0,0.0,0.0,0.0,0.0,-0.0,-0.15097316653740117,1
2024-04-04,0.0,0.0,0.0,0.0,0.0,0.0,-0.15097316653740117,1
2024-04-05,0.0,0.0,0.0,0.0,0.0,0.0,-0.15097316653740117,1
2024-04-08,-0.0,0.0,0.0,0.0,0.0,-0.0,-0.15097316653740117,1
2024-04-09,-0.0,0.0,0.0,0.0,0.0,-0.0,-0.15097316653740117,1
2024-04-11,0.0,0.0,0.0,0.0,0.0,0.0,-0.15097316653740117,1
2024-04-12,-0.0,0.0,0.0,0.0,0.0,-0.0,-0.15097316653740117,1
2024-04-15,0.0,0.0,0.0,0.0,0.0,0.0,-0.15097316653740117,1
2024-04-16,-0.0,0.0,0.0,0.0,0.0,-0.0,-0.15097316653740117,1
2024-04-17,-0.0,0.0,0.0,0.0,0.0,-0.0,-0.15097316653740117,1
2024-04-18,0.0,0.0,0.0,0.0,0.0,0.0,-0.15097316653740117,1
2024-04-19,-0.0,0.0,0.0,0.0,0.0,-0.0,-0.15097316653740117,1
2024-04-22,0.0,0.0,0.0,0.0,0.0,0.0,-0.15097316653740117,1
2024-04-23,-0.0,0.0,0.0,0.0,0.0,-0.0,-0.15097316653740117,1
2024-04-24,0.0,0.0,0.0,0.0,0.0,0.0,-0.15097316653740117,1
2024-04-25,-0.0,0.0,0.0,0.0,0.0,-0.0,-0.15097316653740117,1
2024-04-26,0.0,0.0,0.0,0.0,0.0,0.0,-0.15097316653740117,1
2024-04-29,0.0,0.0,0.0,0.0,0.0,0.0,-0.15097316653740117,1
2024-04-30,-0.0,0.0,0.0,0.0,0.0,-0.0,-0.15097316653740117,1
2024-05-02,0.0,0.0,0.0,0.0,0.0,0.0,-0.15097316653740117,1
2024-05-03,-0.0,0.0,0.0,0.0,0.0,-0.0,-0.15097316653740117,1
2024-05-07,0.0,0.0,0.0,0.0,0.0,0.0,-0.15097316653740117,1
2024-05-08,0.0,0.0,0.0,0.0,0.0,0.0,-0.15097316653740117,1
2024-05-09,-0.0,0.0,0.0,0.0,0.0,-0.0,-0.15097316653740117,1
2024-05-10,-0.0,0.0,0.0,0.0,0.0,-0.0,-0.15097316653740117,1
2024-05-13,-0.0,0.0,0.0,0.0,0.0,-0.0,-0.15097316653740117,1
2024-05-14,-0.0,0.0,0.0,0.0,0.0,-0.0,-0.15097316653740117,1
2024-05-16,-0.0,0.0,0.0,0.0,0.0,-0.0,-0.15097316653740117,1
2024-05-17,-0.0,0.0,0.0,0.0,0.0,-0.0,-0.15097316653740117,1
2024-05-20,0.0,0.0,0.0,0.0,0.0,0.0,-0.15097316653740117,1
2024-05-21,-0.0,0.0,0.0,0.0,0.0,-0.0,-0.15097316653740117,1
2024-05-22,0.0,0.0,0.0,0.0,0.0,0.0,-0.15097316653740117,1
2024-05-23,0.0,0.0,0.0,0.0,0.0,0.0,-0.15097316653740117,1
2024-05-24,-0.0,0.0,0.0,0.0,0.0,-0.0,-0.15097316653740117,1
2024-05-27,0.0,0.0,0.0,0.0,0.0,0.0,-0.15097316653740117,1
2024-05-28,0.0,0.0,0.0,0.0,0.0,0.0,-0.15097316653740117,1
2024-05-29,-0.0,0.0,0.0,0.0,0.0,-0.0,-0.15097316653740117,1
2024-05-30,-0.0,0.0,0.0,0.0,0.0,-0.0,-0.15097316653740117,1
2024-05-31,-0.0,0.0,0.0,0.0,0.0,-0.0,-0.15097316653740117,1
2024-06-03,0.0,0.0,0.0,0.0,0.0,0.0,-0.15097316653740117,1
2024-06-04,-0.0,0.0,0.0,0.0,0.0,-0.0,-0.15097316653740117,1
2024-06-05,0.0,0.0,0.0,0.0,0.0,0.0,-0.15097316653740117,1
2024-06-07,0.0,0.0,0.0,0.0,0.0,0.0,-0.15097316653740117,1
2024-06-10,0.0,0.0,0.0,0.0,0.0,0.0,-0.15097316653740117,1
2024-06-11,-0.0,0.0,0.0,0.0,0.0,-0.0,-0.15097316653740117,1
2024-06-12,0.0,0.0,0.0,0.0,0.0,0.0,-0.15097316653740117,1
2024-06-13,-0.0,0.0,0.0,0.0,0.0,-0.0,-0.15097316653740117,1
2024-06-14,-0.0,0.0,0.0,0.0,0.0,-0.0,-0.15097316653740117,1
2024-06-17,-0.0,0.0,0.0,0.0,0.0,-0.0,-0.15097316653740117,1
2024-06-18,-0.0,0.0,0.0,0.0,0.0,-0.0,-0.15097316653740117,1
2024-06-19,0.0,0.0,0.0,0.0,0.0,0.0,-0.15097316653740117,1
2024-06-20,0.0,0.0,0.0,0.0,0.0,0.0,-0.15097316653740117,1
2024-06-21,-0.0,0.0,0.0,0.0,0.0,-0.0,-0.15097316653740117,1
2024-06-24,-0.0,0.0,0.0,0.0,0.0,-0.0,-0.15097316653740117,1
2024-06-25,0.0,0.0,0.0,0.0,0.0,0.0,-0.15097316653740117,1
2024-06-26,0.0,0.0,0.0,0.0,0.0,0.0,-0.15097316653740117,1
2024-06-27,0.0,0.0,0.0,0.0,0.0,0.0,-0.15097316653740117,1
2024-06-28,0.0,0.0,0.0,0.0,0.0,0.0,-0.15097316653740117,1
2024-07-01,0.0,0.0,0.0,0.0,0.0,0.0,-0.15097316653740117,1
2024-07-02,-0.0,0.0,0.0,0.0,0.0,-0.0,-0.15097316653740117,1
2024-07-03,-0.0,0.0,0.0,0.0,0.0,-0.0,-0.15097316653740117,1
2024-07-04,0.0,0.0,0.0,0.0,0.0,0.0,-0.15097316653740117,1
2024-07-05,0.0,0.0,0.0,0.0,0.0,0.0,-0.15097316653740117,1
2024-07-08,-0.0,0.0,0.0,0.0,0.0,-0.0,-0.15097316653740117,1
2024-07-09,-0.0,0.0,0.0,0.0,0.0,-0.0,-0.15097316653740117,1
2024-07-10,0.0,0.0,0.0,0.0,0.0,0.0,-0.15097316653740117,1
2024-07-11,0.0,0.0,0.0,0.0,0.0,0.0,-0.15097316653740117,1
2024-07-12,-0.0,0.0,0.0,0.0,0.0,-0.0,-0.15097316653740117,1
2024-07-15,-0.0,0.0,0.0,0.0,0.0,-0.0,-0.15097316653740117,1
2024-07-16,0.0,0.0,0.0,0.0,0.0,0.0,-0.15097316653740117,1
2024-07-17,-0.0,0.0,0.0,0.0,0.0,-0.0,-0.15097316653740117,1
2024-07-18,0.0,0.0,0.0,0.0,0.0,0.0,-0.15097316653740117,1
2024-07-19,-0.0,0.0,0.0,0.0,0.0,-0.0,-0.15097316653740117,1
2024-07-22,-0.0,0.0,0.0,0.0,0.0,-0.0,-0.15097316653740117,1
2024-07-23,-0.0,0.0,0.0,0.0,0.0,-0.0,-0.15097316653740117,1
2024-07-24,0.0,0.0,0.0,0.0,0.0,0.0,-0.15097316653740117,1
2024-07-25,-0.0,0.0,0.0,0.0,0.0,-0.0,-0.15097316653740117,1
2024-07-26,0.0,0.0,0.0,0.0,0.0,0.0,-0.15097316653740117,1
2024-07-29,0.0,0.0,0.0,0.0,0.0,0.0,-0.15097316653740117,1
2024-07-30,-0.0,0.0,0.0,0.0,0.0,-0.0,-0.15097316653740117,1
2024-07-31,0.0,0.0,0.0,0.0,0.0,0.0,-0.15097316653740117,1
2024-08-01,-0.0,0.0,0.0,0.0,0.0,-0.0,-0.15097316653740117,1
2024-08-02,-0.0,0.0,0.0,0.0,0.0,-0.0,-0.15097316653740117,1
2024-08-05,-0.0,0.0,0.0,0.0,0.0,-0.0,-0.15097316653740117,1
2024-08-06,-0.0,0.0,0.0,0.0,0.0,-0.0,-0.15097316653740117,1
2024-08-07,0.0,0.0,0.0,0.0,0.0,0.0,-0.15097316653740117,1
2024-08-08,0.0,0.0,0.0,0.0,0.0,0.0,-0.15097316653740117,1
2024-08-09,-0.0,0.0,0.0,0.0,0.0,-0.0,-0.15097316653740117,1
2024-08-12,0.0,0.0,0.0,0.0,0.0,0.0,-0.15097316653740117,1
2024-08-13,-0.0,0.0,0.0,0.0,0.0,-0.0,-0.15097316653740117,1
2024-08-14,-0.0,0.0,0.0,0.0,0.0,-0.0,-0.15097316653740117,1
2024-08-16,0.0,0.0,0.0,0.0,0.0,0.0,-0.15097316653740117,1
2024-08-19,-0.0,0.0,0.0,0.0,0.0,-0.0,-0.15097316653740117,1
2024-08-20,-0.0,0.0,0.0,0.0,0.0,-0.0,-0.15097316653740117,1
2024-08-21,0.0,0.0,0.0,0.0,0.0,0.0,-0.15097316653740117,1
2024-08-22,-0.0,0.0,0.0,0.0,0.0,-0.0,-0.15097316653740117,1
2024-08-23,0.0,0.0,0.0,0.0,0.0,0.0,-0.15097316653740117,1
2024-08-26,-0.0,0.0,0.0,0.0,0.0,-0.0,-0.15097316653740117,1
2024-08-27,-0.0,0.0,0.0,0.0,0.0,-0.0,-0.15097316653740117,1
2024-08-28,-0.0,0.0,0.0,0.0,0.0,-0.0,-0.15097316653740117,1
2024-08-29,0.0,0.0,0.0,0.0,0.0,0.0,-0.15097316653740117,1
2024-08-30,-0.0,0.0,0.0,0.0,0.0,-0.0,-0.15097316653740117,1
2024-09-02,-0.0,0.0,0.0,0.0,0.0,-0.0,-0.15097316653740117,1
2024-09-03,-0.0,0.0,0.0,0.0,0.0,-0.0,-0.15097316653740117,1
2024-09-04,-0.0,0.0,0.0,0.0,0.0,-0.0,-0.15097316653740117,1
2024-09-05,-0.0,0.0,0.0,0.0,0.0,-0.0,-0.15097316653740117,1
2024-09-06,-0.0,0.0,0.0,0.0,0.0,-0.0,-0.15097316653740117,1
2024-09-09,0.0,0.0,0.0,0.0,0.0,0.0,-0.15097316653740117,1
2024-09-10,-0.0,0.0,0.0,0.0,0.0,-0.0,-0.15097316653740117,1
2024-09-11,-0.0,0.0,0.0,0.0,0.0,-0.0,-0.15097316653740117,1
2024-09-12,0.0,0.0,0.0,0.0,0.0,0.0,-0.15097316653740117,0
2024-09-13,0.0,0.0,0.0,0.0,0.0,0.0,-0.15097316653740117,0
2024-09-19,0.0,0.0,0.0,0.0,0.0,0.0,-0.15097316653740117,0
2024-09-20,0.0,0.0,0.0,0.0,0.0,0.0,-0.15097316653740117,0
2024-09-23,0.0,0.0,0.0,0.0,0.0,0.0,-0.15097316653740117,0
2024-09-24,0.0,0.0,0.0,0.0,0.0,0.0,-0.15097316653740117,0
2024-09-25,0.0,0.0,0.0,0.0,0.0,0.0,-0.15097316653740117,0
2024-09-26,0.0,0.0,0.0,0.0,0.0,0.0,-0.15097316653740117,0
2024-09-27,0.0,0.0,0.0,0.0,0.0,0.0,-0.15097316653740117,0
2024-09-30,0.0,0.0,0.0,0.0,0.0,0.0,-0.15097316653740117,0
2024-10-02,0.0,0.0,0.0,0.0,0.0,0.0,-0.15097316653740117,0
2024-10-04,0.0,0.0,0.0,0.0,0.0,0.0,-0.15097316653740117,0
2024-10-07,0.0,0.0,0.0,0.0,0.0,0.0,-0.15097316653740117,0
2024-10-08,0.0,0.0,0.0,0.0,0.0,0.0,-0.15097316653740117,0
2024-10-10,0.0,0.0,0.0,0.0,0.0,0.0,-0.15097316653740117,0
2024-10-11,0.0,0.0,0.0,0.0,0.0,0.0,-0.15097316653740117,0
2024-10-14,0.0,0.0,0.0,0.0,0.0,0.0,-0.15097316653740117,0
2024-10-15,0.0,0.0,0.0,0.0,0.0,0.0,-0.15097316653740117,1
2024-10-16,0.0,0.0,0.0,0.0,0.0,0.0,-0.15097316653740117,1
2024-10-17,-0.0,0.0,0.0,0.0,0.0,-0.0,-0.15097316653740117,1
2024-10-18,-0.0,0.0,0.0,0.0,0.0,-0.0,-0.15097316653740117,1
2024-10-21,0.0,0.0,0.0,0.0,0.0,0.0,-0.15097316653740117,1
2024-10-22,-0.0,0.0,0.0,0.0,0.0,-0.0,-0.15097316653740117,1
2024-10-23,0.0,0.0,0.0,0.0,0.0,0.0,-0.15097316653740117,1
2024-10-24,-0.0,0.0,0.0,0.0,0.0,-0.0,-0.15097316653740117,1
2024-10-25,-0.0,0.0,0.0,0.0,0.0,-0.0,-0.15097316653740117,1
2024-10-28,0.0,0.0,0.0,0.0,0.0,0.0,-0.15097316653740117,1
2024-10-29,0.0,0.0,0.0,0.0,0.0,0.0,-0.15097316653740117,1
2024-10-30,-0.0,0.0,0.0,0.0,0.0,-0.0,-0.15097316653740117,1
2024-10-31,-0.0,0.0,0.0,0.0,0.0,-0.0,-0.15097316653740117,1
2024-11-01,-0.0,0.0,0.0,0.0,0.0,-0.0,-0.15097316653740117,1
2024-11-04,0.0,0.0,0.0,0.0,0.0,0.0,-0.15097316653740117,1
2024-11-05,0.0,0.0,0.0,0.0,0.0,0.0,-0.15097316653740117,1
2024-11-06,-0.0,0.0,0.0,0.0,0.0,-0.0,-0.15097316653740117,1
2024-11-07,0.0,0.0,0.0,0.0,0.0,0.0,-0.15097316653740117,1
2024-11-08,-0.0,0.0,0.0,0.0,0.0,-0.0,-0.15097316653740117,1
2024-11-11,-0.0,0.0,0.0,0.0,0.0,-0.0,-0.15097316653740117,1
2024-11-12,-0.0,0.0,0.0,0.0,0.0,-0.0,-0.15097316653740117,1
2024-11-13,-0.0,0.0,0.0,0.0,0.0,-0.0,-0.15097316653740117,1
2024-11-14,-0.0,0.0,0.0,0.0,0.0,-0.0,-0.15097316653740117,1
2024-11-15,0.0,0.0,0.0,0.0,0.0,0.0,-0.15097316653740117,1
2024-11-18,0.0,0.0,0.0,0.0,0.0,0.0,-0.15097316653740117,1
2024-11-19,0.0,0.0,0.0,0.0,0.0,0.0,-0.15097316653740117,1
2024-11-20,0.0,0.0,0.0,0.0,0.0,0.0,-0.15097316653740117,1
2024-11-21,0.0,0.0,0.0,0.0,0.0,0.0,-0.15097316653740117,1
2024-11-22,0.0,0.0,0.0,0.0,0.0,0.0,-0.15097316653740117,1
2024-11-25,0.0,0.0,0.0,0.0,0.0,0.0,-0.15097316653740117,1
2024-11-26,-0.0,0.0,0.0,0.0,0.0,-0.0,-0.15097316653740117,1
2024-11-27,-0.0,0.0,0.0,0.0,0.0,-0.0,-0.15097316653740117,1
2024-11-28,0.0,0.0,0.0,0.0,0.0,0.0,-0.15097316653740117,1
2024-11-29,-0.0,0.0,0.0,0.0,0.0,-0.0,-0.15097316653740117,1
2024-12-02,-0.0,0.0,0.0,0.0,0.0,-0.0,-0.15097316653740117,1
2024-12-03,0.0,0.0,0.0,0.0,0.0,0.0,-0.15097316653740117,1
2024-12-04,0.0,0.0,0.0,0.0,0.0,0.0,-0.15097316653740117,1
2024-12-05,-0.0,0.0,0.0,0.0,0.0,-0.0,-0.15097316653740117,1
2024-12-06,-0.0,0.0,0.0,0.0,0.0,-0.0,-0.15097316653740117,1
2024-12-09,-0.0,0.0,0.0,0.0,0.0,-0.0,-0.15097316653740117,1
2024-12-10,0.0,0.0,0.0,0.0,0.0,0.0,-0.15097316653740117,1
2024-12-11,0.0,0.0,0.0,0.0,0.0,0.0,-0.15097316653740117,1
2024-12-12,0.0,0.0,0.0,0.0,0.0,0.0,-0.15097316653740117,1
2024-12-13,0.0,0.0,0.0,0.0,0.0,0.0,-0.15097316653740117,1
2024-12-16,-0.0,0.0,0.0,0.0,0.0,-0.0,-0.15097316653740117,1
2024-12-17,-0.0,0.0,0.0,0.0,0.0,-0.0,-0.15097316653740117,1
2024-12-18,0.0,0.0,0.0,0.0,0.0,0.0,-0.15097316653740117,1
2024-12-19,0.0,0.0,0.0,0.0,0.0,0.0,-0.15097316653740117,1
2024-12-20,-0.0,0.0,0.0,0.0,0.0,-0.0,-0.15097316653740117,1
2024-12-23,0.0,0.0,0.0,0.0,0.0,0.0,-0.15097316653740117,1
2024-12-24,-0.0,0.0,0.0,0.0,0.0,-0.0,-0.15097316653740117,1
2024-12-26,-0.0,0.0,0.0,0.0,0.0,-0.0,-0.15097316653740117,1
2024-12-27,-0.0,0.0,0.0,0.0,0.0,-0.0,-0.15097316653740117,1
2024-12-30,0.0,0.0,0.0,0.0,0.0,0.0,-0.15097316653740117,1
2025-01-02,-0.0,0.0,0.0,0.0,0.0,-0.0,-0.15097316653740117,1
2025-01-03,0.0,0.0,0.0,0.0,0.0,0.0,-0.15097316653740117,1
2025-01-06,0.0,0.0,0.0,0.0,0.0,0.0,-0.15097316653740117,1
2025-01-07,-0.0,0.0,0.0,0.0,0.0,-0.0,-0.15097316653740117,1
2025-01-08,0.0,0.0,0.0,0.0,0.0,0.0,-0.15097316653740117,1
2025-01-09,-0.0,0.0,0.0,0.0,0.0,-0.0,-0.15097316653740117,1
2025-01-10,-0.0,0.0,0.0,0.0,0.0,-0.0,-0.15097316653740117,1
2025-01-13,-0.0,0.0,0.0,0.0,0.0,-0.0,-0.15097316653740117,1
2025-01-14,-0.0,0.0,0.0,0.0,0.0,-0.0,-0.15097316653740117,1
2025-01-15,-0.0,0.0,0.0,0.0,0.0,-0.0,-0.15097316653740117,1
2025-01-16,-0.0,0.0,0.0,0.0,0.0,-0.0,-0.15097316653740117,1
2025-01-17,0.0,0.0,0.0,0.0,0.0,0.0,-0.15097316653740117,1
2025-01-20,-0.0,0.0,0.0,0.0,0.0,-0.0,-0.15097316653740117,1
2025-01-21,-0.0,0.0,0.0,0.0,0.0,-0.0,-0.15097316653740117,1
2025-01-22,0.0,0.0,0.0,0.0,0.0,0.0,-0.15097316653740117,1
2025-01-23,-0.0,0.0,0.0,0.0,0.0,-0.0,-0.15097316653740117,1
2025-01-24,0.0,0.0,0.0,0.0,0.0,0.0,-0.15097316653740117,1
2025-01-31,-0.0,0.0,0.0,0.0,0.0,-0.0,-0.15097316653740117,1
2025-02-03,-0.0,0.0,0.0,0.0,0.0,-0.0,-0.15097316653740117,1
2025-02-04,0.0,0.0,0.0,0.0,0.0,0.0,-0.15097316653740117,1
2025-02-05,0.0,0.0,0.0,0.0,0.0,0.0,-0.15097316653740117,1
2025-02-06,0.0,0.0,0.0,0.0,0.0,0.0,-0.15097316653740117,1
2025-02-07,-0.0,0.0,0.0,0.0,0.0,-0.0,-0.15097316653740117,1
2025-02-10,0.0,0.0,0.0,0.0,0.0,0.0,-0.15097316653740117,1
2025-02-11,0.0,0.0,0.0,0.0,0.0,0.0,-0.15097316653740117,1
2025-02-12,0.0,0.0,0.0,0.0,0.0,0.0,-0.15097316653740117,1
2025-02-13,0.0,0.0,0.0,0.0,0.0,0.0,-0.15097316653740117,1
2025-02-14,0.0,0.0,0.0,0.0,0.0,0.0,-0.15097316653740117,1
2025-02-17,0.0,0.0,0.0,0.0,0.0,0.0,-0.15097316653740117,1
2025-02-18,0.0,0.0,0.0,0.0,0.0,0.0,-0.15097316653740117,1
2025-02-19,0.0,0.0,0.0,0.0,0.0,0.0,-0.15097316653740117,1
2025-02-20,-0.0,0.0,0.0,0.0,0.0,-0.0,-0.15097316653740117,1
2025-02-21,0.0,0.0,0.0,0.0,0.0,0.0,-0.15097316653740117,1
2025-02-24,0.0,0.0,0.0,0.0,0.0,0.0,-0.15097316653740117,1
2025-02-25,0.0,0.0,0.0,0.0,0.0,0.0,-0.15097316653740117,1
2025-02-26,0.0,0.0,0.0,0.0,0.0,0.0,-0.15097316653740117,1
2025-02-27,-0.0,0.0,0.0,0.0,0.0,-0.0,-0.15097316653740117,1
2025-02-28,-0.0,0.0,0.0,0.0,0.0,-0.0,-0.15097316653740117,1
2025-03-04,0.0,0.0,0.0,0.0,0.0,0.0,-0.15097316653740117,1
2025-03-05,0.0,0.0,0.0,0.0,0.0,0.0,-0.15097316653740117,1
2025-03-06,0.0,0.0,0.0,0.0,0.0,0.0,-0.15097316653740117,1
2025-03-07,0.0,0.0,0.0,0.0,0.0,0.0,-0.15097316653740117,1
2025-03-10,0.0,0.0,0.0,0.0,0.0,0.0,-0.15097316653740117,1
2025-03-11,0.0,0.0,0.0,0.0,0.0,0.0,-0.15097316653740117,1
2025-03-12,0.0,0.0,0.0,0.0,0.0,0.0,-0.15097316653740117,1
2025-03-13,-0.0,0.0,0.0,0.0,0.0,-0.0,-0.15097316653740117,1
2025-03-14,0.0,0.0,0.0,0.0,0.0,0.0,-0.15097316653740117,1
2025-03-17,0.0,0.0,0.0,0.0,0.0,0.0,-0.15097316653740117,1
2025-03-18,-0.0,0.0,0.0,0.0,0.0,-0.0,-0.15097316653740117,1
2025-03-19,0.0,0.0,0.0,0.0,0.0,0.0,-0.15097316653740117,1
2025-03-20,-0.0,0.0,0.0,0.0,0.0,-0.0,-0.15097316653740117,1
2025-03-21,0.0,0.0,0.0,0.0,0.0,0.0,-0.15097316653740117,1
2025-03-24,-0.0,0.0,0.0,0.0,0.0,-0.0,-0.15097316653740117,1
2025-03-25,-0.0,0.0,0.0,0.0,0.0,-0.0,-0.15097316653740117,1
2025-03-26,0.0,0.0,0.0,0.0,0.0,0.0,-0.15097316653740117,1
2025-03-27,-0.0,0.0,0.0,0.0,0.0,-0.0,-0.15097316653740117,1
2025-03-28,-0.0,0.0,0.0,0.0,0.0,-0.0,-0.15097316653740117,1
2025-03-31,-0.0,0.0,0.0,0.0,0.0,-0.0,-0.15097316653740117,1
2025-04-01,0.0,0.0,0.0,0.0,0.0,0.0,-0.15097316653740117,1
2025-04-02,-0.0,0.0,0.0,0.0,0.0,-0.0,-0.15097316653740117,1
2025-04-03,0.0,0.0,0.0,0.0,0.0,0.0,-0.15097316653740117,1
2025-04-04,0.0,0.0,0.0,0.0,0.0,0.0,-0.15097316653740117,1
2025-04-07,-0.0,0.0,0.0,0.0,0.0,-0.0,-0.15097316653740117,1
2025-04-08,-0.0,0.0,0.0,0.0,0.0,-0.0,-0.15097316653740117,1
2025-04-09,-0.0,0.0,0.0,0.0,0.0,-0.0,-0.15097316653740117,1
2025-04-10,0.0,0.0,0.0,0.0,0.0,0.0,-0.15097316653740117,1
2025-04-11,0.0,0.0,0.0,0.0,0.0,0.0,-0.15097316653740117,1
2025-04-14,0.0,0.0,0.0,0.0,0.0,0.0,-0.15097316653740117,1
2025-04-15,0.0,0.0,0.0,0.0,0.0,0.0,-0.15097316653740117,1
2025-04-16,-0.0,0.0,0.0,0.0,0.0,-0.0,-0.15097316653740117,1
2025-04-17,0.0,0.0,0.0,0.0,0.0,0.0,-0.15097316653740117,1
2025-04-18,0.0,0.0,0.0,0.0,0.0,0.0,-0.15097316653740117,1
2025-04-21,0.0,0.0,0.0,0.0,0.0,0.0,-0.15097316653740117,1
2025-04-22,0.0,0.0,0.0,0.0,0.0,0.0,-0.15097316653740117,1
2025-04-23,0.0,0.0,0.0,0.0,0.0,0.0,-0.15097316653740117,1
2025-04-24,-0.0,0.0,0.0,0.0,0.0,-0.0,-0.15097316653740117,1
2025-04-25,0.0,0.0,0.0,0.0,0.0,0.0,-0.15097316653740117,1
2025-04-28,-0.0,0.0,0.0,0.0,0.0,-0.0,-0.15097316653740117,1
2025-04-29,0.0,0.0,0.0,0.0,0.0,0.0,-0.15097316653740117,1
2025-04-30,-0.0,0.0,0.0,0.0,0.0,-0.0,-0.15097316653740117,1
2025-05-02,0.0,0.0,0.0,0.0,0.0,0.0,-0.15097316653740117,1
2025-05-07,-0.0,0.0,0.0,0.0,0.0,-0.0,-0.15097316653740117,1
2025-05-08,-0.0,0.0,0.0,0.0,0.0,-0.0,-0.15097316653740117,1
2025-05-09,-0.0,0.0,0.0,0.0,0.0,-0.0,-0.15097316653740117,1
2025-05-12,0.0,0.0,0.0,0.0,0.0,0.0,-0.15097316653740117,1
2025-05-13,0.0,0.0,0.0,0.0,0.0,0.0,-0.15097316653740117,1
2025-05-14,0.0,0.0,0.0,0.0,0.0,0.0,-0.15097316653740117,1
2025-05-15,-0.0,0.0,0.0,0.0,0.0,-0.0,-0.15097316653740117,1
2025-05-16,-0.0,0.0,0.0,0.0,0.0,-0.0,-0.15097316653740117,1
2025-05-19,-0.0,0.0,0.0,0.0,0.0,-0.0,-0.15097316653740117,1
2025-05-20,-0.0,0.0,0.0,0.0,0.0,-0.0,-0.15097316653740117,1
2025-05-21,0.0,0.0,0.0,0.0,0.0,0.0,-0.15097316653740117,1
2025-05-22,-0.0,0.0,0.0,0.0,0.0,-0.0,-0.15097316653740117,1
2025-05-23,-0.0,0.0,0.0,0.0,0.0,-0.0,-0.15097316653740117,1
2025-05-26,0.0,0.0,0.0,0.0,0.0,0.0,-0.15097316653740117,1
2025-05-27,0.0,0.0,0.0,0.0,0.0,0.0,-0.15097316653740117,1
2025-05-28,0.0,0.0,0.0,0.0,0.0,0.0,-0.15097316653740117,1
2025-05-29,0.0,0.0,0.0,0.0,0.0,0.0,-0.15097316653740117,1
2025-05-30,-0.0,0.0,0.0,0.0,0.0,-0.0,-0.15097316653740117,1
2025-06-02,0.0,0.0,0.0,0.0,0.0,0.0,-0.15097316653740117,1
2025-06-04,0.0,0.0,0.0,0.0,0.0,0.0,-0.15097316653740117,1
2025-06-05,0.0,0.0,0.0,0.0,0.0,0.0,-0.15097316653740117,1
2025-06-09,0.0,0.0,0.0,0.0,0.0,0.0,-0.15097316653740117,1
2025-06-10,-0.0,0.0,0.0,0.0,0.0,-0.0,-0.15097316653740117,1
2025-06-11,0.0,0.0,0.0,0.0,0.0,0.0,-0.15097316653740117,1
2025-06-12,0.0,0.0,0.0,0.0,0.0,0.0,-0.15097316653740117,1
2025-06-13,-0.0,0.0,0.0,0.0,0.0,-0.0,-0.15097316653740117,1
2025-06-16,0.0,0.0,0.0,0.0,0.0,0.0,-0.15097316653740117,1
2025-06-17,-0.0,0.0,0.0,0.0,0.0,-0.0,-0.15097316653740117,1
2025-06-18,0.0,0.0,0.0,0.0,0.0,0.0,-0.15097316653740117,1
2025-06-19,-0.0,0.0,0.0,0.0,0.0,-0.0,-0.15097316653740117,1
2025-06-20,0.0,0.0,0.0,0.0,0.0,0.0,-0.15097316653740117,1
2025-06-23,0.0,0.0,0.0,0.0,0.0,0.0,-0.15097316653740117,1
2025-06-24,0.0,0.0,0.0,0.0,0.0,0.0,-0.15097316653740117,1
2025-06-25,-0.0,0.0,0.0,0.0,0.0,-0.0,-0.15097316653740117,1
2025-06-26,-0.0,0.0,0.0,0.0,0.0,-0.0,-0.15097316653740117,1
2025-06-27,-0.0,0.0,0.0,0.0,0.0,-0.0,-0.15097316653740117,1
2025-06-30,-0.0,0.0,0.0,0.0,0.0,-0.0,-0.15097316653740117,1
2025-07-01,0.0,0.0,0.0,0.0,0.0,0.0,-0.15097316653740117,1
2025-07-02,-0.0,0.0,0.0,0.0,0.0,-0.0,-0.15097316653740117,1
2025-07-03,0.0,0.0,0.0,0.0,0.0,0.0,-0.15097316653740117,1
2025-07-04,-0.0,0.0,0.0,0.0,0.0,-0.0,-0.15097316653740117,1
2025-07-07,0.0,0.0,0.0,0.0,0.0,0.0,-0.15097316653740117,1
2025-07-08,0.0,0.0,0.0,0.0,0.0,0.0,-0.15097316653740117,1
2025-07-09,0.0,0.0,0.0,0.0,0.0,0.0,-0.15097316653740117,1
2025-07-10,0.0,0.0,0.0,0.0,0.0,0.0,-0.15097316653740117,1
2025-07-11,-0.0,0.0,0.0,0.0,0.0,-0.0,-0.15097316653740117,1
2025-07-14,0.0,0.0,0.0,0.0,0.0,0.0,-0.15097316653740117,1
2025-07-15,0.0,0.0,0.0,0.0,0.0,0.0,-0.15097316653740117,1
2025-07-16,-0.0,0.0,0.0,0.0,0.0,-0.0,-0.15097316653740117,1
2025-07-17,-0.0,0.0,0.0,0.0,0.0,-0.0,-0.15097316653740117,1
2025-07-18,-0.0,0.0,0.0,0.0,0.0,-0.0,-0.15097316653740117,1
2025-07-21,0.0,0.0,0.0,0.0,0.0,0.0,-0.15097316653740117,1
2025-07-22,-0.0,0.0,0.0,0.0,0.0,-0.0,-0.15097316653740117,1
2025-07-23,-0.0,0.0,0.0,0.0,0.0,-0.0,-0.15097316653740117,1
2025-07-24,-0.0,0.0,0.0,0.0,0.0,-0.0,-0.15097316653740117,1
2025-07-25,0.0,0.0,0.0,0.0,0.0,0.0,-0.15097316653740117,1
2025-07-28,-0.0,0.0,0.0,0.0,0.0,-0.0,-0.15097316653740117,1
2025-07-29,0.0,0.0,0.0,0.0,0.0,0.0,-0.15097316653740117,1
2025-07-30,0.0,0.0,0.0,0.0,0.0,0.0,-0.15097316653740117,1
2025-07-31,-0.0,0.0,0.0,0.0,0.0,-0.0,-0.15097316653740117,1
2025-08-01,-0.0,0.0,0.0,0.0,0.0,-0.0,-0.15097316653740117,1
2025-08-04,0.0,0.0,0.0,0.0,0.0,0.0,-0.15097316653740117,1
2025-08-05,0.0,0.0,0.0,0.0,0.0,0.0,-0.15097316653740117,1
2025-08-06,0.0,0.0,0.0,0.0,0.0,0.0,-0.15097316653740117,1
2025-08-07,0.0,0.0,0.0,0.0,0.0,0.0,-0.15097316653740117,1
2025-08-08,-0.0,0.0,0.0,0.0,0.0,-0.0,-0.15097316653740117,1
2025-08-11,-0.0,0.0,0.0,0.0,0.0,-0.0,-0.15097316653740117,1
2025-08-12,-0.0,0.0,0.0,0.0,0.0,-0.0,-0.15097316653740117,1
2025-08-13,-0.0,0.0,0.0,0.0,0.0,-0.0,-0.15097316653740117,1
2025-08-14,-0.0,0.0,0.0,0.0,0.0,-0.0,-0.15097316653740117,1
2025-08-18,-0.0,0.0,0.0,0.0,0.0,-0.0,-0.15097316653740117,1
2025-08-19,-0.0,0.0,0.0,0.0,0.0,-0.0,-0.15097316653740117,1
2025-08-20,0.0,0.0,0.0,0.0,0.0,0.0,-0.15097316653740117,1
2025-08-21,0.0,0.0,0.0,0.0,0.0,0.0,-0.15097316653740117,1
2025-08-22,0.0,0.0,0.0,0.0,0.0,0.0,-0.15097316653740117,1
2025-08-25,0.0,0.0,0.0,0.0,0.0,0.0,-0.15097316653740117,1
2025-08-26,-0.0,0.0,0.0,0.0,0.0,-0.0,-0.15097316653740117,1
2025-08-27,0.0,0.0,0.0,0.0,0.0,0.0,-0.15097316653740117,1
2025-08-28,0.0,0.0,0.0,0.0,0.0,0.0,-0.15097316653740117,1
2025-08-29,-0.0,0.0,0.0,0.0,0.0,-0.0,-0.15097316653740117,1
2025-09-01,-0.0,0.0,0.0,0.0,0.0,-0.0,-0.15097316653740117,1
2025-09-02,0.0,0.0,0.0,0.0,0.0,0.0,-0.15097316653740117,1
2025-09-03,0.0,0.0,0.0,0.0,0.0,0.0,-0.15097316653740117,1
2025-09-04,0.0,0.0,0.0,0.0,0.0,0.0,-0.15097316653740117,1
2025-09-05,-0.0,0.0,0.0,0.0,0.0,-0.0,-0.15097316653740117,1
2025-09-08,0.0,0.0,0.0,0.0,0.0,0.0,-0.15097316653740117,1
2025-09-09,0.0,0.0,0.0,0.0,0.0,0.0,-0.15097316653740117,1
2025-09-10,0.0,0.0,0.0,0.0,0.0,0.0,-0.15097316653740117,1
2025-09-11,0.0,0.0,0.0,0.0,0.0,0.0,-0.15097316653740117,1
2025-09-12,0.0,0.0,0.0,0.0,0.0,0.0,-0.15097316653740117,1
2025-09-15,-0.0,0.0,0.0,0.0,0.0,-0.0,-0.15097316653740117,1
2025-09-16,0.0,0.0,0.0,0.0,0.0,0.0,-0.15097316653740117,1
2025-09-17,-0.0,0.0,0.0,0.0,0.0,-0.0,-0.15097316653740117,1
2025-09-18,0.0,0.0,0.0,0.0,0.0,0.0,-0.15097316653740117,1
2025-09-19,-0.0,0.0,0.0,0.0,0.0,-0.0,-0.15097316653740117,1
2025-09-22,0.0,0.0,0.0,0.0,0.0,0.0,-0.15097316653740117,1
2025-09-23,-0.0,0.0,0.0,0.0,0.0,-0.0,-0.15097316653740117,1
2025-09-24,-0.0,0.0,0.0,0.0,0.0,-0.0,-0.15097316653740117,1
2025-09-25,0.0,0.0,0.0,0.0,0.0,0.0,-0.15097316653740117,1
2025-09-26,-0.0,0.0,0.0,0.0,0.0,-0.0,-0.15097316653740117,1
2025-09-29,0.0,0.0,0.0,0.0,0.0,0.0,-0.15097316653740117,1
2025-09-30,-0.0,0.0,0.0,0.0,0.0,-0.0,-0.15097316653740117,1
2025-10-01,0.0,0.0,0.0,0.0,0.0,0.0,-0.15097316653740117,1
2025-10-02,0.0,0.0,0.0,0.0,0.0,0.0,-0.15097316653740117,1
2025-10-10,0.0,0.0,0.0,0.0,0.0,0.0,-0.15097316653740117,1
2025-10-13,0.0,0.0,0.0,0.0,0.0,0.0,-0.15097316653740117,1
2025-10-14,-0.0,0.0,0.0,0.0,0.0,-0.0,-0.15097316653740117,1
2025-10-15,0.0,0.0,0.0,0.0,0.0,0.0,-0.15097316653740117,1
2025-10-16,0.0,0.0,0.0,0.0,0.0,0.0,-0.15097316653740117,1
2025-10-17,0.0,0.0,0.0,0.0,0.0,0.0,-0.15097316653740117,1
2025-10-20,0.0,0.0,0.0,0.0,0.0,0.0,-0.15097316653740117,1
2025-10-21,-0.0,0.0,0.0,0.0,0.0,-0.0,-0.15097316653740117,1
2025-10-22,0.0,0.0,0.0,0.0,0.0,0.0,-0.15097316653740117,1
2025-10-23,0.0,0.0,0.0,0.0,0.0,0.0,-0.15097316653740117,1
2025-10-24,0.0,0.0,0.0,0.0,0.0,0.0,-0.15097316653740117,1
2025-10-27,0.0,0.0,0.0,0.0,0.0,0.0,-0.15097316653740117,1
2025-10-28,-0.0,0.0,0.0,0.0,0.0,-0.0,-0.15097316653740117,1
2025-10-29,0.0,0.0,0.0,0.0,0.0,0.0,-0.15097316653740117,1
2025-10-30,-0.0,0.0,0.0,0.0,0.0,-0.0,-0.15097316653740117,1
2025-10-31,0.0,0.0,0.0,0.0,0.0,0.0,-0.15097316653740117,1
2025-11-03,0.0,0.0,0.0,0.0,0.0,0.0,-0.15097316653740117,1
2025-11-04,-0.0,0.0,0.0,0.0,0.0,-0.0,-0.15097316653740117,1
2025-11-05,-0.0,0.0,0.0,0.0,0.0,-0.0,-0.15097316653740117,1
2025-11-06,-0.0,0.0,0.0,0.0,0.0,-0.0,-0.15097316653740117,1
2025-11-07,-0.0,0.0,0.0,0.0,0.0,-0.0,-0.15097316653740117,1
2025-11-10,0.0,0.0,0.0,0.0,0.0,0.0,-0.15097316653740117,1
2025-11-11,0.0,0.0,0.0,0.0,0.0,0.0,-0.15097316653740117,0
2025-11-12,0.0,0.0,0.0,0.0,0.0,0.0,-0.15097316653740117,0
2025-11-13,0.0,0.0,0.0,0.0,0.0,0.0,-0.15097316653740117,0
2025-11-14,0.0,0.0,0.0,0.0,0.0,0.0,-0.15097316653740117,0
2025-11-17,0.0,0.0,0.0,0.0,0.0,0.0,-0.15097316653740117,0
2025-11-18,0.0,0.0,0.0,0.0,0.0,0.0,-0.15097316653740117,0
2025-11-19,0.0,0.0,0.0,0.0,0.0,0.0,-0.15097316653740117,0
2025-11-20,0.0,0.0,0.0,0.0,0.0,0.0,-0.15097316653740117,0
2025-11-21,0.0,0.0,0.0,0.0,0.0,0.0,-0.15097316653740117,0
2025-11-24,0.0,0.0,0.0,0.0,0.0,0.0,-0.15097316653740117,0
2025-11-25,0.0,0.0,0.0,0.0,0.0,0.0,-0.15097316653740117,0
2025-11-26,0.0,0.0,0.0,0.0,0.0,0.0,-0.15097316653740117,0
2025-11-27,-0.0,0.0,0.0,0.0,0.0,-0.0,-0.15097316653740117,1
2025-11-28,0.0,0.0,0.0,0.0,0.0,0.0,-0.15097316653740117,0
2025-12-01,0.0,0.0,0.0,0.0,0.0,0.0,-0.15097316653740117,0
2025-12-02,0.0,0.0,0.0,0.0,0.0,0.0,-0.15097316653740117,0
2025-12-03,0.0,0.0,0.0,0.0,0.0,0.0,-0.15097316653740117,0
2025-12-04,0.0,0.0,0.0,0.0,0.0,0.0,-0.15097316653740117,0
2025-12-05,0.0,0.0,0.0,0.0,0.0,0.0,-0.15097316653740117,0
2025-12-08,0.0,0.0,0.0,0.0,0.0,0.0,-0.15097316653740117,0
2025-12-09,0.0,0.0,0.0,0.0,0.0,0.0,-0.15097316653740117,0
2025-12-10,0.0,0.0,0.0,0.0,0.0,0.0,-0.15097316653740117,0
2025-12-11,0.0,0.0,0.0,0.0,0.0,0.0,-0.15097316653740117,0
2025-12-12,0.0,0.0,0.0,0.0,0.0,0.0,-0.15097316653740117,0
2025-12-15,0.0,0.0,0.0,0.0,0.0,0.0,-0.15097316653740117,0
2025-12-16,0.0,0.0,0.0,0.0,0.0,0.0,-0.15097316653740117,0
2025-12-17,0.0,0.0,0.0,0.0,0.0,0.0,-0.15097316653740117,0
2025-12-18,0.0,0.0,0.0,0.0,0.0,0.0,-0.15097316653740117,0
2025-12-19,0.0,0.0,0.0,0.0,0.0,0.0,-0.15097316653740117,0
2025-12-22,0.0,0.0,0.0,0.0,0.0,0.0,-0.15097316653740117,0
2025-12-23,0.0,0.0,0.0,0.0,0.0,0.0,-0.15097316653740117,0
2025-12-24,0.0,0.0,0.0,0.0,0.0,0.0,-0.15097316653740117,0
2025-12-26,0.0,0.0,0.0,0.0,0.0,0.0,-0.15097316653740117,0
2025-12-29,0.0,0.0,0.0,0.0,0.0,0.0,-0.15097316653740117,0
2025-12-30,0.0,0.0,0.0,0.0,0.0,0.0,-0.15097316653740117,0
2026-01-02,0.0,0.0,0.0,0.0,0.0,0.0,-0.15097316653740117,0
2026-01-05,0.0,0.0,0.0,0.0,0.0,0.0,-0.15097316653740117,0
2026-01-06,0.0,0.0,0.0,0.0,0.0,0.0,-0.15097316653740117,0
2026-01-07,0.0,0.0,0.0,0.0,0.0,0.0,-0.15097316653740117,0
2026-01-08,0.0,0.0,0.0,0.0,0.0,0.0,-0.15097316653740117,0
2026-01-09,0.0,0.0,0.0,0.0,0.0,0.0,-0.15097316653740117,0
2026-01-12,0.0,0.0,0.0,0.0,0.0,0.0,-0.15097316653740117,0
2026-01-13,0.0,0.0,0.0,0.0,0.0,0.0,-0.15097316653740117,0
2026-01-14,0.0,0.0,0.0,0.0,0.0,0.0,-0.15097316653740117,0
2026-01-15,0.0,0.0,0.0,0.0,0.0,0.0,-0.15097316653740117,0
2026-01-16,0.0,0.0,0.0,0.0,0.0,0.0,-0.15097316653740117,0
2026-01-19,0.0,0.0,0.0,0.0,0.0,0.0,-0.15097316653740117,1
2026-01-20,0.0,0.0,0.0,0.0,0.0,0.0,-0.15097316653740117,0
2026-01-21,0.0,0.0,0.0,0.0,0.0,0.0,-0.15097316653740117,0
2026-01-22,0.0,0.0,0.0,0.0,0.0,0.0,-0.15097316653740117,0
2026-01-23,0.0,0.0,0.0,0.0,0.0,0.0,-0.15097316653740117,0
2026-01-26,0.0,0.0,0.0,0.0,0.0,0.0,-0.15097316653740117,0
2026-01-27,0.0,0.0,0.0,0.0,0.0,0.0,-0.15097316653740117,0
2026-01-28,0.0,0.0,0.0,0.0,0.0,0.0,-0.15097316653740117,0
2026-01-29,0.0,0.0,0.0,0.0,0.0,0.0,-0.15097316653740117,0
2026-01-30,0.0,0.0,0.0,0.0,0.0,0.0,-0.15097316653740117,0
2026-02-02,0.0,0.0,0.0,0.0,0.0,0.0,-0.15097316653740117,0
2026-02-03,0.0,0.0,0.0,0.0,0.0,0.0,-0.15097316653740117,0
2026-02-04,0.0,0.0,0.0,0.0,0.0,0.0,-0.15097316653740117,0
2026-02-05,0.0,0.0,0.0,0.0,0.0,0.0,-0.15097316653740117,0
2026-02-06,0.0,0.0,0.0,0.0,0.0,0.0,-0.15097316653740117,0
2026-02-09,0.0,0.0,0.0,0.0,0.0,0.0,-0.15097316653740117,0
2026-02-10,0.0,0.0,0.0,0.0,0.0,0.0,-0.15097316653740117,0
2026-02-11,0.0,0.0,0.0,0.0,0.0,0.0,-0.15097316653740117,0
2026-02-12,0.0,0.0,0.0,0.0,0.0,0.0,-0.15097316653740117,0
2026-02-13,0.0,0.0,0.0,0.0,0.0,0.0,-0.15097316653740117,0
2026-02-19,0.0,0.0,0.0,0.0,0.0,0.0,-0.15097316653740117,0
2026-02-20,0.0,0.0,0.0,0.0,0.0,0.0,-0.15097316653740117,0
2026-02-23,0.0,0.0,0.0,0.0,0.0,0.0,-0.15097316653740117,0
2026-02-24,0.0,0.0,0.0,0.0,0.0,0.0,-0.15097316653740117,0
2026-02-25,0.0,0.0,0.0,0.0,0.0,0.0,-0.15097316653740117,0
2026-02-26,0.0,0.0,0.0,0.0,0.0,0.0,-0.15097316653740117,0
2026-02-27,0.0,0.0,0.0,0.0,0.0,0.0,-0.15097316653740117,0
2026-03-03,0.0,0.0,0.0,0.0,0.0,0.0,-0.15097316653740117,0
2026-03-04,0.0,0.0,0.0,0.0,0.0,0.0,-0.15097316653740117,0
2026-03-05,0.0,0.0,0.0,0.0,0.0,0.0,-0.15097316653740117,0
2026-03-06,0.0,0.0,0.0,0.0,0.0,0.0,-0.15097316653740117,0
2026-03-09,0.0,0.0,0.0,0.0,0.0,0.0,-0.15097316653740117,0
2026-03-10,0.0,0.0,0.0,0.0,0.0,0.0,-0.15097316653740117,0
2026-03-11,0.0,0.0,0.0,0.0,0.0,0.0,-0.15097316653740117,0
2026-03-12,0.0,0.0,0.0,0.0,0.0,0.0,-0.15097316653740117,0
2026-03-13,0.0,0.0,0.0,0.0,0.0,0.0,-0.15097316653740117,0
2026-03-16,0.0,0.0,0.0,0.0,0.0,0.0,-0.15097316653740117,0
2026-03-17,0.0,0.0,0.0,0.0,0.0,0.0,-0.15097316653740117,0
2026-03-18,0.0,0.0,0.0,0.0,0.0,0.0,-0.15097316653740117,0
2026-03-19,0.0,0.0,0.0,0.0,0.0,0.0,-0.15097316653740117,0
2026-03-20,0.0,0.0,0.0,0.0,0.0,0.0,-0.15097316653740117,0
2026-03-23,0.0,0.0,0.0,0.0,0.0,0.0,-0.15097316653740117,0
2026-03-24,0.0,0.0,0.0,0.0,0.0,0.0,-0.15097316653740117,0
2026-03-25,0.0,0.0,0.0,0.0,0.0,0.0,-0.15097316653740117,0
2026-03-26,0.0,0.0,0.0,0.0,0.0,0.0,-0.15097316653740117,0
2026-03-27,0.0,0.0,0.0,0.0,0.0,0.0,-0.15097316653740117,0
2026-03-30,0.0,0.0,0.0,0.0,0.0,0.0,-0.15097316653740117,0
2026-03-31,0.0,0.0,0.0,0.0,0.0,0.0,-0.15097316653740117,0
2026-04-01,0.0,0.0,0.0,0.0,0.0,0.0,-0.15097316653740117,0
2026-04-02,0.0,0.0,0.0,0.0,0.0,0.0,-0.15097316653740117,0
2026-04-03,0.0,0.0,0.0,0.0,0.0,0.0,-0.15097316653740117,1
2026-04-06,0.0,0.0,0.0,0.0,0.0,0.0,-0.15097316653740117,0
2026-04-07,0.0,0.0,0.0,0.0,0.0,0.0,-0.15097316653740117,0
2026-04-08,0.0,0.0,0.0,0.0,0.0,0.0,-0.15097316653740117,0
2026-04-09,0.0,0.0,0.0,0.0,0.0,0.0,-0.15097316653740117,0
2026-04-10,0.0,0.0,0.0,0.0,0.0,0.0,-0.15097316653740117,0
2026-04-13,0.0,0.0,0.0,0.0,0.0,0.0,-0.15097316653740117,0
2026-04-14,0.0,0.0,0.0,0.0,0.0,0.0,-0.15097316653740117,0
2026-04-15,0.0,0.0,0.0,0.0,0.0,0.0,-0.15097316653740117,0
2026-04-16,0.0,0.0,0.0,0.0,0.0,0.0,-0.15097316653740117,1
