date,ticker,y_pred,y_actual,fold_id
2020-02-03,^HSI,-0.0006932804244570434,0.006370409857481718,0
2020-02-04,^HSI,-0.00023536886146757752,0.006933580152690411,0
2020-02-05,^HSI,-0.000431346008554101,-0.003078129142522812,0
2020-02-06,^HSI,-0.0005509612965397537,0.011676747351884842,0
2020-02-07,^HSI,-0.000945880776271224,0.001752730691805482,0
2020-02-10,^HSI,-0.0011676745489239693,0.005491634365171194,0
2020-02-11,^HSI,-0.0007885703817009926,0.002527523087337613,0
2020-02-12,^HSI,-0.0007905025267973542,0.0038328373339027166,0
2020-02-13,^HSI,-0.0006351824849843979,-0.008032935671508312,0
2020-02-14,^HSI,-0.0006365441950038075,0.00421655410900712,0
2020-02-17,^HSI,-0.0007279579876922071,0.00692274235188961,0
2020-02-18,^HSI,-0.0007449605036526918,-0.008546702563762665,0
2020-02-19,^HSI,-0.0007113867904990911,0.006142298225313425,0
2020-02-20,^HSI,-0.0006974869756959379,-0.005710716359317303,0
2020-02-21,^HSI,-0.000638639263343066,-0.005173578858375549,0
2020-02-24,^HSI,-0.000606631743721664,-0.010550389997661114,0
2020-02-25,^HSI,-0.00046343426220119,0.006372785195708275,0
2020-02-26,^HSI,0.00023308364325203001,0.0081461351364851,0
2020-02-27,^HSI,0.0005603128229267895,0.009358896873891354,0
2020-02-28,^HSI,0.00048285495722666383,-0.004548810888081789,0
2020-03-02,^HSI,-0.0032662656158208847,0.008170816116034985,1
2020-03-03,^HSI,-0.002535288454964757,-0.005096803419291973,1
2020-03-04,^HSI,-0.0008601293666288257,-0.0037869615480303764,1
2020-03-05,^HSI,0.0008887744625099003,0.015803806483745575,1
2020-03-06,^HSI,0.002231685444712639,-0.009558051824569702,1
2020-03-09,^HSI,0.0002994065871462226,-0.0037293341010808945,1
2020-03-10,^HSI,-0.0019550116267055273,0.004216024186462164,1
2020-03-11,^HSI,-0.00523719098418951,-0.009009510278701782,1
2020-03-12,^HSI,-0.003060826798900962,-0.014238460920751095,1
2020-03-13,^HSI,-0.004441967234015465,0.06505052745342255,1
2020-03-16,^HSI,-0.007148473523557186,-0.010963140055537224,1
2020-03-17,^HSI,-0.0040026577189564705,0.011324791237711906,1
2020-03-18,^HSI,-0.007420964539051056,-0.03228866681456566,1
2020-03-19,^HSI,-0.003260592697188258,-0.023321978747844696,1
2020-03-20,^HSI,-0.005077773705124855,0.029265500605106354,1
2020-03-23,^HSI,-0.004115214571356773,0.001687441486865282,1
2020-03-24,^HSI,-0.00011197887943126261,0.007347952574491501,1
2020-03-25,^HSI,0.0019072092836722732,0.011597449891269207,1
2020-03-26,^HSI,0.001859692158177495,-0.010754168964922428,1
2020-03-27,^HSI,-2.9286049539223313e-05,-0.012026163749396801,1
2020-03-30,^HSI,0.002027682028710842,0.006678520701825619,1
2020-03-31,^HSI,0.00035957532236352563,-0.00041464364039711654,1
2020-04-01,^HSI,-0.0004849879478570074,-0.012060475535690784,2
2020-04-02,^HSI,-0.0005455276696011424,0.01914207451045513,2
2020-04-03,^HSI,-0.0003182819637004286,0.007046605460345745,2
2020-04-06,^HSI,-0.000569851603358984,0.008044740185141563,2
2020-04-07,^HSI,7.56341905798763e-05,0.006628789938986301,2
2020-04-08,^HSI,-0.0005367895355448127,-0.009175455197691917,2
2020-04-09,^HSI,-0.00042917495011352,0.004909486509859562,2
2020-04-14,^HSI,-0.0003168557595927268,0.0035992495249956846,2
2020-04-15,^HSI,0.0004913276643492281,-0.01457598339766264,2
2020-04-16,^HSI,-2.9965012799948454e-06,-0.0007911409484222531,2
2020-04-17,^HSI,-0.00022708225878886878,-0.0031872892286628485,2
2020-04-20,^HSI,-0.00026570228510536253,-0.007107475772500038,2
2020-04-21,^HSI,-0.0002550532517489046,-0.018912967294454575,2
2020-04-22,^HSI,-0.0006812568753957748,0.01487656868994236,2
2020-04-23,^HSI,-0.00038725146441720426,-0.0002639679005369544,2
2020-04-24,^HSI,0.000139330280944705,-0.000554607599042356,2
2020-04-27,^HSI,1.8435035599395633e-05,0.010328236036002636,2
2020-04-28,^HSI,-0.00013044659863226116,0.007139769848436117,2
2020-04-29,^HSI,-8.279699250124395e-05,-0.005762945860624313,2
2020-05-04,^HSI,0.0004684063605964184,-0.011842489242553711,3
2020-05-05,^HSI,0.0016115549951791763,0.004740879405289888,3
2020-05-06,^HSI,0.0014871498569846153,0.011226370930671692,3
2020-05-07,^HSI,0.0011575683020055294,-0.005828518886119127,3
2020-05-08,^HSI,0.00021274395112413913,0.0015203581424430013,3
2020-05-11,^HSI,0.0012433282099664211,0.005374981090426445,3
2020-05-12,^HSI,0.001027359045110643,-0.0046218931674957275,3
2020-05-13,^HSI,0.0009480478474870324,0.0028423320036381483,3
2020-05-14,^HSI,0.0016372378449887037,-0.008704446256160736,3
2020-05-15,^HSI,0.0011699264869093895,-0.0015623477520421147,3
2020-05-18,^HSI,0.0017990902997553349,0.008311087265610695,3
2020-05-19,^HSI,0.0020676525309681892,-0.004149954300373793,3
2020-05-20,^HSI,0.0004220918635837734,-0.0025766489561647177,3
2020-05-21,^HSI,0.0007274908712133765,-0.010198255069553852,3
2020-05-22,^HSI,0.0005971902282908559,-0.035421211272478104,3
2020-05-25,^HSI,0.0002173075918108225,0.009919136762619019,3
2020-05-26,^HSI,0.0014614216051995754,0.007999541237950325,3
2020-05-27,^HSI,0.0012020322028547525,-0.009132794104516506,3
2020-05-28,^HSI,0.0009641202632337809,-0.003193400101736188,3
2020-05-29,^HSI,0.0009048192296177149,0.007885968312621117,3
2020-06-01,^HSI,0.0014591842191293836,0.00814895424991846,4
2020-06-02,^HSI,-0.00013716240937355906,0.008525139652192593,4
2020-06-03,^HSI,0.0008917872910387814,0.0009072163957171142,4
2020-06-04,^HSI,0.0006178128533065319,-0.011325902305543423,4
2020-06-05,^HSI,0.0008745035156607628,0.01555122621357441,4
2020-06-08,^HSI,0.001539219869300723,-0.009691094048321247,4
2020-06-09,^HSI,0.0005900252726860344,0.006052907090634108,4
2020-06-10,^HSI,0.00012563347991090268,-0.005148409400135279,4
2020-06-11,^HSI,5.30298420926556e-05,-0.020926814526319504,4
2020-06-12,^HSI,0.00046819442650303245,0.015789013355970383,4
2020-06-15,^HSI,0.0006327553419396281,-0.008978043682873249,4
2020-06-16,^HSI,0.0007839812315069139,0.001066101947799325,4
2020-06-17,^HSI,-0.00010139228834304959,0.004832439124584198,4
2020-06-18,^HSI,-0.00036335684126242995,0.003219118108972907,4
2020-06-19,^HSI,-8.910415635909885e-05,0.011038318276405334,4
2020-06-22,^HSI,-0.00047280953731387854,-0.0007010399713180959,4
2020-06-23,^HSI,0.000273726211162284,0.01479943748563528,4
2020-06-24,^HSI,0.0004149725427851081,-0.010168979875743389,4
2020-06-26,^HSI,-0.0001248298940481618,-0.006010021548718214,4
2020-06-29,^HSI,-0.0005547646433115005,-0.013340420089662075,4
2020-06-30,^HSI,5.126520409248769e-05,-0.001679125940427184,4
2020-07-02,^HSI,-0.0014425379922613502,0.022566640749573708,5
2020-07-03,^HSI,-0.0009706488344818354,0.002124178921803832,5
2020-07-06,^HSI,-0.0008940343977883458,0.030594106763601303,5
2020-07-07,^HSI,-0.0007152978796511889,-0.022663457319140434,5
2020-07-08,^HSI,-0.000921376165933907,0.0019372714450582862,5
2020-07-09,^HSI,-0.0010286933975294232,-0.005364063195884228,5
2020-07-10,^HSI,-0.0010826467769220471,-0.007912250235676765,5
2020-07-13,^HSI,-0.0008667451329529285,-0.002970954403281212,5
2020-07-14,^HSI,-0.0011486114235594869,-0.007245464716106653,5
2020-07-15,^HSI,-0.0007160019595175982,-0.015853801742196083,5
2020-07-16,^HSI,-0.0011212020181119442,-0.022911133244633675,5
2020-07-17,^HSI,-0.0009521761676296592,-0.0021058868151158094,5
2020-07-20,^HSI,-0.0006215110188350081,0.001533246017061174,5
2020-07-21,^HSI,-0.0009248954011127353,0.008170374669134617,5
2020-07-22,^HSI,-0.0011083930730819702,-0.020434364676475525,5
2020-07-23,^HSI,-0.0008636544225737453,0.0010732753435149789,5
2020-07-24,^HSI,-0.0005226634675636888,-0.013485874980688095,5
2020-07-27,^HSI,-0.000197939807549119,-0.012388816103339195,5
2020-07-28,^HSI,-0.0009427452459931374,-0.006838154513388872,5
2020-07-29,^HSI,-0.00041507589048705995,0.006961841136217117,5
2020-07-30,^HSI,-0.0006157662719488144,-0.010813198983669281,5
2020-07-31,^HSI,-0.0003659708600025624,-0.006158565171062946,5
2020-08-03,^HSI,-0.0017067790031433105,-0.004433656111359596,6
2020-08-04,^HSI,-0.0017736805602908134,0.011369775980710983,6
2020-08-05,^HSI,-0.0017779754707589746,0.002918239450082183,6
2020-08-06,^HSI,-0.001614073640666902,-0.0108059486374259,6
2020-08-07,^HSI,-0.0015699424548074603,-0.015281140804290771,6
2020-08-10,^HSI,-0.001331030041910708,2.499782021914143e-05,6
2020-08-11,^HSI,-1824.878173828125,0.009228242561221123,6
2020-08-12,^HSI,-2382.0556640625,0.0149820726364851,6
2020-08-13,^HSI,-102.42855834960938,-0.01022666972130537,6
2020-08-14,^HSI,2120.18212890625,0.004399948753416538,6
2020-08-17,^HSI,3933.717041015625,0.005342637654393911,6
2020-08-18,^HSI,-3027.110595703125,-0.004075269214808941,6
2020-08-19,^HSI,367.6321716308594,-0.00712810643017292,6
2020-08-20,^HSI,-313.5072326660156,-0.01059092115610838,6
2020-08-21,^HSI,911.0745239257812,0.004258063621819019,6
2020-08-24,^HSI,-1151.874267578125,0.0078104110434651375,6
2020-08-25,^HSI,-3628.088623046875,-0.00394608685746789,6
2020-08-26,^HSI,-719.5302124023438,-0.0011221275199204683,6
2020-08-27,^HSI,-1489.2152099609375,-0.007433166261762381,6
2020-08-28,^HSI,-1381.980224609375,0.003597478847950697,6
2020-08-31,^HSI,-826.6539306640625,-0.021821508184075356,6
2020-09-01,^HSI,-0.0005186470807529986,0.0039458442479372025,7
2020-09-02,^HSI,-0.00015865991008467972,-0.004756547976285219,7
2020-09-03,^HSI,-0.0005846853600814939,-0.0007750888471491635,7
2020-09-04,^HSI,-0.00017192348605021834,0.0010796654969453812,7
2020-09-07,^HSI,7.1390531957149506e-06,-0.0012748920125886798,7
2020-09-08,^HSI,-0.0009688311256468296,-0.006513733882457018,7
2020-09-09,^HSI,-0.0008636910934001207,0.007116284687072039,7
2020-09-10,^HSI,-0.0011384437093511224,-0.011100679636001587,7
2020-09-11,^HSI,-0.0004400211328174919,0.006168345455080271,7
2020-09-14,^HSI,-0.0008210843661800027,0.0028957955073565245,7
2020-09-15,^HSI,-0.00033384509151801467,0.004502518102526665,7
2020-09-16,^HSI,-0.00033677517785690725,-0.003968961536884308,7
2020-09-17,^HSI,-0.0004189450410194695,-0.013691740110516548,7
2020-09-18,^HSI,-0.00042950513307005167,0.0030419579707086086,7
2020-09-21,^HSI,0.0010052586439996958,-0.02201906219124794,7
2020-09-22,^HSI,-9.67679952736944e-05,-0.005165247246623039,7
2020-09-23,^HSI,-0.0007962635718286037,0.0017448343569412827,7
2020-09-24,^HSI,-0.0009524703491479158,-0.009680548682808876,7
2020-09-25,^HSI,-0.0007276750402525067,-0.008158009499311447,7
2020-09-28,^HSI,-0.0007726120529696345,0.008210497908294201,7
2020-09-29,^HSI,-0.0008485002908855677,-0.01319179031997919,7
2020-09-30,^HSI,-0.0004900628700852394,-0.0038223308511078358,7
2020-10-05,^HSI,-0.0027303725946694613,-0.011362908408045769,8
2020-10-06,^HSI,-0.0027803778648376465,0.0035692118108272552,8
2020-10-07,^HSI,-0.003373409155756235,0.01007707417011261,8
2020-10-08,^HSI,-0.0030721237417310476,-0.0028883744962513447,8
2020-10-09,^HSI,-0.0033309697173535824,-0.00927229318767786,8
2020-10-12,^HSI,-0.002992464229464531,0.01769871637225151,8
2020-10-14,^HSI,-0.0034673833288252354,-0.005730468314141035,8
2020-10-15,^HSI,-0.0028418181464076042,-0.015411818400025368,8
2020-10-16,^HSI,-0.002799835056066513,0.007919932715594769,8
2020-10-19,^HSI,-0.002296566031873226,-0.0009436372783966362,8
2020-10-20,^HSI,-0.0029272022657096386,-8.553162479074672e-05,8
2020-10-21,^HSI,-0.002828683005645871,0.002381433267146349,8
2020-10-22,^HSI,-0.003351020161062479,0.0036303952801972628,8
2020-10-23,^HSI,-0.0033347844146192074,0.005862548016011715,8
2020-10-27,^HSI,-0.003245815634727478,-0.002127112355083227,8
2020-10-28,^HSI,-0.0026537254452705383,-0.0026166231837123632,8
2020-10-29,^HSI,-0.0029639177955687046,0.012136418372392654,8
2020-10-30,^HSI,-0.002388439141213894,-0.017617693170905113,8
2020-11-02,^HSI,5.254965799394995e-05,0.007599515374749899,9
2020-11-03,^HSI,0.00024678767658770084,0.01008162833750248,9
2020-11-04,^HSI,-0.0006989202811382711,0.00387070095166564,9
2020-11-05,^HSI,-0.0009637845796532929,0.00761807756498456,9
2020-11-06,^HSI,-0.0013020152691751719,-0.0014693293487653136,9
2020-11-09,^HSI,-0.0008028302108868957,-0.0054279956966638565,9
2020-11-10,^HSI,-0.001177751342765987,-0.006539365742355585,9
2020-11-11,^HSI,-0.000578780600335449,6.851269517937908e-06,9
2020-11-12,^HSI,-0.0005448522279039025,-0.009127671830356121,9
2020-11-13,^HSI,-0.0005706058000214398,0.0016169350128620863,9
2020-11-16,^HSI,-0.0008101038984023035,0.000743201351724565,9
2020-11-17,^HSI,-0.0008216304122470319,-0.00377856707200408,9
2020-11-18,^HSI,-0.00045862013939768076,0.004154474940150976,9
2020-11-19,^HSI,-0.0007472379948012531,-0.0039244056679308414,9
2020-11-20,^HSI,-0.0006130257970653474,0.001690173172391951,9
2020-11-23,^HSI,-0.0005130330100655556,-0.006532589439302683,9
2020-11-24,^HSI,-0.0005703173228539526,-0.0015836824895814061,9
2020-11-25,^HSI,-0.0005526687018573284,-0.00561645720154047,9
2020-11-26,^HSI,-0.0005961872520856559,0.0046416944824159145,9
2020-11-27,^HSI,-0.0005915384390391409,0.00507667101919651,9
2020-11-30,^HSI,-0.00059509341372177,-0.019246822223067284,9
2020-12-01,^HSI,-0.0018986135255545378,0.005471524782478809,10
2020-12-02,^HSI,-0.0013994408072903752,-0.005170390475541353,10
2020-12-03,^HSI,-0.0010003866627812386,0.00393913546577096,10
2020-12-04,^HSI,-0.002198225585743785,0.0009070348460227251,10
2020-12-07,^HSI,-0.002558785956352949,-0.01362883485853672,10
2020-12-08,^HSI,-0.001587516744621098,-0.00590504240244627,10
2020-12-09,^HSI,-0.0019968384876847267,-0.00028596914489753544,10
2020-12-10,^HSI,-0.0005640926538035274,0.002856343286111951,10
2020-12-11,^HSI,-0.0022732424549758434,-0.004830329213291407,10
2020-12-14,^HSI,-0.0022311503998935223,-0.005011389032006264,10
2020-12-15,^HSI,-0.00022446255024988204,-0.008043206296861172,10
2020-12-16,^HSI,-0.0026332028210163116,0.0014779509510844946,10
2020-12-17,^HSI,-0.0015200426569208503,0.002625093562528491,10
2020-12-18,^HSI,-0.002198784612119198,-0.005715658888220787,10
2020-12-21,^HSI,-0.0017216000705957413,-0.004397541284561157,10
2020-12-22,^HSI,-0.001943024224601686,-0.005403954070061445,10
2020-12-23,^HSI,-6.159681652206928e-05,0.009918412193655968,10
2020-12-24,^HSI,-0.0016162712126970291,0.0016571928281337023,10
2020-12-28,^HSI,-0.0014397900085896254,0.0009984875796362758,10
2020-12-29,^HSI,-0.002220436930656433,0.0029416747856885195,10
2020-12-30,^HSI,-0.0005582945886999369,0.01679019257426262,10
2020-12-31,^HSI,-0.0023529832251369953,0.0013354594120755792,10
2021-01-04,^HSI,-0.0010523278033360839,0.01413806900382042,11
2021-01-05,^HSI,0.0002871342294383794,0.01341769564896822,11
2021-01-06,^HSI,-6.303061672952026e-05,0.0028554408345371485,11
2021-01-07,^HSI,-0.0005962910945527256,-0.0060588824562728405,11
2021-01-08,^HSI,-0.0001849910186138004,0.008942564949393272,11
2021-01-11,^HSI,-0.001390311517752707,-0.003425365313887596,11
2021-01-12,^HSI,-0.00026185045135207474,0.013617937453091145,11
2021-01-13,^HSI,-0.0010118576465174556,-0.0026075108908116817,11
2021-01-14,^HSI,4.091113805770874e-05,0.0031188942957669497,11
2021-01-15,^HSI,-0.00034251337638124824,0.006301436107605696,11
2021-01-18,^HSI,-7.994654879439622e-05,0.014243035577237606,11
2021-01-19,^HSI,-0.0006327169248834252,0.0184576828032732,11
2021-01-20,^HSI,-0.0009847901528701186,0.005624824669212103,11
2021-01-21,^HSI,-0.0002808418357744813,-0.0008022617548704147,11
2021-01-22,^HSI,-0.00036538217682391405,-0.012197203934192657,11
2021-01-25,^HSI,0.00010768143692985177,0.016101239249110222,11
2021-01-26,^HSI,-0.0010227476013824344,-0.016921965405344963,11
2021-01-27,^HSI,-3.242000821046531e-05,-0.00880320742726326,11
2021-01-28,^HSI,-0.0006488480721600354,-0.012671400792896748,11
2021-01-29,^HSI,-0.0002899300307035446,-0.018997937440872192,11
2021-02-01,^HSI,-0.004145323298871517,0.015170453116297722,12
2021-02-02,^HSI,-0.0022573894821107388,-0.004415048751980066,12
2021-02-03,^HSI,-0.004291228950023651,6.997716263867915e-05,12
2021-02-04,^HSI,-0.002008361741900444,0.0006858599372208118,12
2021-02-05,^HSI,-0.0008038897067308426,-0.0005601331358775496,12
2021-02-08,^HSI,-0.0022632696200162172,-0.01050448976457119,12
2021-02-09,^HSI,-0.002963764127343893,0.0011435914784669876,12
2021-02-10,^HSI,-0.002286034869030118,0.008106725290417671,12
2021-02-11,^HSI,-0.0005526237073354423,0.005926373414695263,12
2021-02-16,^HSI,-0.002590660471469164,0.0023066431749612093,12
2021-02-17,^HSI,-0.00242240889929235,0.014535603113472462,12
2021-02-18,^HSI,-0.0034248707816004753,-0.01903919316828251,12
2021-02-19,^HSI,-0.001062660594470799,0.005276449490338564,12
2021-02-22,^HSI,-0.0017684956546872854,-0.02449256367981434,12
2021-02-23,^HSI,-0.0018914347747340798,0.01455635391175747,12
2021-02-24,^HSI,0.0005394361796788871,-0.03258797526359558,12
2021-02-25,^HSI,-0.0011221555760130286,-0.003321279538795352,12
2021-02-26,^HSI,-0.0031087554525583982,-0.014793988317251205,12
2021-03-01,^HSI,-0.004258806351572275,-0.00018062369781546295,13
2021-03-02,^HSI,-0.002672692062333226,-0.020833643153309822,13
2021-03-03,^HSI,-0.0008904776768758893,0.02134333737194538,13
2021-03-04,^HSI,-0.0010480521013960242,-0.009825819171965122,13
2021-03-05,^HSI,-0.004519226960837841,0.014927836135029793,13
2021-03-08,^HSI,-0.0035216789692640305,-0.028385713696479797,13
2021-03-09,^HSI,-0.0027334378100931644,0.0037595287431031466,13
2021-03-10,^HSI,-0.00038699456490576267,-0.011961364187300205,13
2021-03-11,^HSI,-0.004449198022484779,0.016318196430802345,13
2021-03-12,^HSI,-0.0042295330204069614,-0.02781607396900654,13
2021-03-15,^HSI,-0.0020016313064843416,-0.0031230298336595297,13
2021-03-16,^HSI,-0.003295070957392454,-0.0003145074297208339,13
2021-03-17,^HSI,-0.004874669946730137,0.0014434445183724165,13
2021-03-18,^HSI,-0.0014912260230630636,0.0030008992180228233,13
2021-03-19,^HSI,-0.004368264228105545,-0.005762447137385607,13
2021-03-22,^HSI,-0.004426814615726471,0.002920966362580657,13
2021-03-23,^HSI,-0.0025923592038452625,-0.017760144546628,13
2021-03-24,^HSI,-0.0036949031054973602,-0.01843167468905449,13
2021-03-25,^HSI,-0.0034203643444925547,0.00978003814816475,13
2021-03-26,^HSI,-0.005153435282409191,0.010386005975306034,13
2021-03-29,^HSI,-0.0034436085261404514,0.0007406315417028964,13
2021-03-30,^HSI,-0.0007020526099950075,0.0008657571743242443,13
2021-03-31,^HSI,-0.003185385838150978,-0.014836689457297325,13
2021-04-01,^HSI,-0.0007459843764081597,0.011965022422373295,14
2021-04-07,^HSI,-0.0007077179616317153,-0.014767580665647984,14
2021-04-08,^HSI,-0.0007863277569413185,0.014023344963788986,14
2021-04-09,^HSI,-0.000519975321367383,-0.015683257952332497,14
2021-04-12,^HSI,-0.000861015694681555,-0.011833134107291698,14
2021-04-13,^HSI,-0.0015212561702355742,-0.0021239074412733316,14
2021-04-14,^HSI,-0.0012834653025493026,0.003614701796323061,14
2021-04-15,^HSI,-0.0010481169447302818,-0.002763492986559868,14
2021-04-16,^HSI,-0.0008893884369172156,0.004932491108775139,14
2021-04-19,^HSI,-0.0007039288757368922,0.005029419437050819,14
2021-04-20,^HSI,-0.0011271880939602852,0.005952997133135796,14
2021-04-21,^HSI,-0.0009203546214848757,-0.0028033421840518713,14
2021-04-22,^HSI,-0.0006063302862457931,0.0013348818756639957,14
2021-04-23,^HSI,-0.0007662598509341478,0.009686127305030823,14
2021-04-26,^HSI,-0.00014254024426918477,-0.005291815381497145,14
2021-04-27,^HSI,-0.0006187253165990114,0.001596150454133749,14
2021-04-28,^HSI,-0.0006632398581132293,0.00273496238514781,14
2021-04-29,^HSI,-0.001043778844177723,0.001196788507513702,14
2021-04-30,^HSI,-0.0009357667877338827,-0.01446581445634365,14
2021-05-03,^HSI,0.003691182006150484,-0.010606364347040653,15
2021-05-04,^HSI,-0.001533682574518025,0.004175446927547455,15
2021-05-05,^HSI,-0.0012632105499505997,-0.00034090393455699086,15
2021-05-06,^HSI,0.001810333109460771,-0.0003669263096526265,15
2021-05-07,^HSI,-0.0019573138561099768,-0.0038540789391845465,15
2021-05-10,^HSI,-0.002373026218265295,-0.006321154069155455,15
2021-05-11,^HSI,-0.0047012027353048325,-0.009689177386462688,15
2021-05-12,^HSI,-0.0026507030706852674,0.005581019911915064,15
2021-05-13,^HSI,-0.0031538328621536493,-0.007237437181174755,15
2021-05-14,^HSI,-0.002069329610094428,0.005541342776268721,15
2021-05-17,^HSI,-0.0030018656980246305,0.0022576318588107824,15
2021-05-18,^HSI,-0.005088343285024166,0.005462970584630966,15
2021-05-20,^HSI,-0.0034451265819370747,0.0012942802859470248,15
2021-05-21,^HSI,-0.004062849096953869,-0.004414252005517483,15
2021-05-24,^HSI,-0.003599408082664013,-0.00020166966714896262,15
2021-05-25,^HSI,-0.0035039496142417192,0.01566498540341854,15
2021-05-26,^HSI,-0.0011040819808840752,0.003769367467612028,15
2021-05-27,^HSI,-0.00042361399391666055,0.003951319959014654,15
2021-05-28,^HSI,-0.003824504790827632,-0.0032582981511950493,15
2021-05-31,^HSI,-0.002379551762714982,-0.002523591974750161,15
2021-06-01,^HSI,-0.0029273205436766148,0.010539239272475243,16
2021-06-02,^HSI,-0.0036407560110092163,-0.0039862762205302715,16
2021-06-03,^HSI,-0.003728074487298727,-0.01369065698236227,16
2021-06-04,^HSI,-0.0040564523078501225,0.0027754821348935366,16
2021-06-07,^HSI,-0.0026236888952553272,-0.006865542847663164,16
2021-06-08,^HSI,-0.0033910120837390423,-0.004130891524255276,16
2021-06-09,^HSI,-0.0030105840414762497,-0.0009914066176861525,16
2021-06-10,^HSI,-0.0034368005581200123,-0.0018473094096407294,16
2021-06-11,^HSI,-0.003952290862798691,-0.0007891423883847892,16
2021-06-15,^HSI,-0.002412309404462576,-0.01069421786814928,16
2021-06-16,^HSI,-0.0031421068124473095,-0.006048774346709251,16
2021-06-17,^HSI,-0.003093825653195381,0.011187156662344933,16
2021-06-18,^HSI,-0.003054401371628046,0.007501013111323118,16
2021-06-21,^HSI,-0.0021961447782814503,-0.0004436035524122417,16
2021-06-22,^HSI,-0.002258464926853776,-0.009331201203167439,16
2021-06-23,^HSI,-0.0023602857254445553,0.012178842909634113,16
2021-06-24,^HSI,-0.003534788265824318,0.0005887657753191888,16
2021-06-25,^HSI,-0.0033918083645403385,0.009797519072890282,16
2021-06-28,^HSI,-0.0040395790711045265,-0.003349190577864647,16
2021-06-29,^HSI,-0.00343620078638196,-0.010218359529972076,16
2021-06-30,^HSI,-0.0038562919944524765,-0.009664253331720829,16
2021-07-02,^HSI,-0.0014349310658872128,-0.0191926471889019,17
2021-07-05,^HSI,-0.0010387030197307467,0.0015856309328228235,17
2021-07-06,^HSI,-0.000661382800899446,-0.0022690657060593367,17
2021-07-07,^HSI,-0.0007392155239358544,0.006559540517628193,17
2021-07-08,^HSI,-0.0006085584172978997,-0.026471029967069626,17
2021-07-09,^HSI,-0.00048238676390610635,0.00781883392482996,17
2021-07-12,^HSI,-0.001112096942961216,-0.0057062976993620396,17
2021-07-13,^HSI,-0.0014718761667609215,0.009680034592747688,17
2021-07-14,^HSI,-0.0017492352053523064,-0.0063828229904174805,17
2021-07-15,^HSI,-0.0010171141475439072,0.006984876934438944,17
2021-07-16,^HSI,-0.0008662189356982708,0.0011475787032395601,17
2021-07-19,^HSI,-0.0010626076254993677,-0.010737423785030842,17
2021-07-20,^HSI,-0.001122350338846445,-0.004997901618480682,17
2021-07-21,^HSI,-0.00039261503843590617,-0.00420208228752017,17
2021-07-22,^HSI,-0.001014051609672606,0.009406461380422115,17
2021-07-23,^HSI,-0.0010227533057332039,-0.015218108892440796,17
2021-07-26,^HSI,-0.0011386448750272393,-0.023895269259810448,17
2021-07-27,^HSI,-0.0006077777361497283,-0.036212071776390076,17
2021-07-28,^HSI,-0.0005491811316460371,0.004609065596014261,17
2021-07-29,^HSI,-0.00020201368897687644,0.0035769690293818712,17
2021-07-30,^HSI,-0.00122262688819319,-0.003146328032016754,17
2021-08-02,^HSI,-0.00019784338655881584,0.006922503001987934,18
2021-08-03,^HSI,-0.001329635619185865,-0.0035912105813622475,18
2021-08-04,^HSI,-0.004340787418186665,0.010067734867334366,18
2021-08-05,^HSI,-0.002740378025919199,-0.007047139108181,18
2021-08-06,^HSI,-0.001914709573611617,-0.003187132067978382,18
2021-08-09,^HSI,-0.0027730162255465984,0.012025182135403156,18
2021-08-10,^HSI,-0.002052522264420986,0.005616430193185806,18
2021-08-11,^HSI,-0.0015813979553058743,0.00633732695132494,18
2021-08-12,^HSI,-0.0017203391762450337,-0.003987436648458242,18
2021-08-13,^HSI,-0.0013898747274652123,0.0036224620416760445,18
2021-08-16,^HSI,-0.0015566995134577155,-0.006992996204644442,18
2021-08-17,^HSI,-0.0030985649209469557,-0.015112190507352352,18
2021-08-18,^HSI,-0.001957019791007042,0.0025927750393748283,18
2021-08-19,^HSI,-0.0028755555395036936,-0.018453411757946014,18
2021-08-20,^HSI,-0.002956822980195284,-0.015635833144187927,18
2021-08-23,^HSI,-0.000600617378950119,-0.0023810877464711666,18
2021-08-24,^HSI,-0.0029811644926667213,0.011699121445417404,18
2021-08-25,^HSI,-0.003658964764326811,-0.009147033095359802,18
2021-08-26,^HSI,-0.0021632201969623566,-0.010103532113134861,18
2021-08-27,^HSI,-0.0023589690681546926,0.00277226441539824,18
2021-08-30,^HSI,-0.003902637865394354,0.005223140120506287,18
2021-08-31,^HSI,0.0007010153494775295,0.013803236186504364,18
2021-09-01,^HSI,-0.0017637701239436865,0.006029629614204168,19
2021-09-02,^HSI,-0.00172409787774086,-0.004325166344642639,19
2021-09-03,^HSI,-0.0016494039446115494,-0.0046482696197927,19
2021-09-06,^HSI,-0.0012116859434172511,0.012943275272846222,19
2021-09-07,^HSI,-0.001970279961824417,0.0055710868909955025,19
2021-09-08,^HSI,-0.0014883282128721476,-0.002852198900654912,19
2021-09-09,^HSI,-0.0017743962816894054,-0.013937637209892273,19
2021-09-10,^HSI,-0.0013123052194714546,0.012873486615717411,19
2021-09-13,^HSI,-0.0013433077838271856,-0.0027656289748847485,19
2021-09-14,^HSI,-0.0012399372644722462,-0.012681611813604832,19
2021-09-15,^HSI,-0.0016013700515031815,-0.010997351258993149,19
2021-09-16,^HSI,-0.0017322637140750885,-0.015054824762046337,19
2021-09-17,^HSI,-0.0018271123990416527,0.013395083136856556,19
2021-09-20,^HSI,-0.001592444721609354,-0.022212395444512367,19
2021-09-21,^HSI,-0.001491590403020382,0.014738819561898708,19
2021-09-23,^HSI,-0.0010019681649282575,-0.004199900198727846,19
2021-09-24,^HSI,-0.0015808821190148592,-0.012123554944992065,19
2021-09-27,^HSI,-0.0016095021273940802,0.003200625767931342,19
2021-09-28,^HSI,-0.0017947754822671413,0.007266656495630741,19
2021-09-29,^HSI,-0.0017871768213808537,0.015806924551725388,19
2021-09-30,^HSI,-0.0014047292061150074,0.0033169391099363565,19
2021-10-04,^HSI,-0.0010944386012852192,-0.018234457820653915,20
2021-10-05,^HSI,-0.0015657945768907666,0.01389033067971468,20
2021-10-06,^HSI,-0.0011094126384705305,-0.012139280326664448,20
2021-10-07,^HSI,-0.001254450879059732,0.014780138619244099,20
2021-10-08,^HSI,-0.001765519380569458,-0.009095818735659122,20
2021-10-11,^HSI,-0.0017429378349334002,0.0064685954712331295,20
2021-10-12,^HSI,-0.001982694026082754,-0.0013354825787246227,20
2021-10-15,^HSI,-0.0015205803792923689,0.0056973956525325775,20
2021-10-18,^HSI,-0.001455787569284439,-0.0006125815561972558,20
2021-10-19,^HSI,-0.0016224461141973734,0.012328303419053555,20
2021-10-20,^HSI,-0.0017380279023200274,0.002368131885305047,20
2021-10-21,^HSI,-0.0014144724700599909,-0.004766948986798525,20
2021-10-22,^HSI,-0.0010920449858531356,0.0004628420574590564,20
2021-10-25,^HSI,-0.0012911963276565075,0.0042663156054914,20
2021-10-26,^HSI,-0.0017322174971923232,-0.007524728309363127,20
2021-10-27,^HSI,-0.0017062348779290915,-0.006472874898463488,20
2021-10-28,^HSI,-0.0012951173121109605,-0.0036203921772539616,20
2021-10-29,^HSI,-0.0011064070276916027,-0.003525255946442485,20
2021-11-01,^HSI,-0.0004679816192947328,-0.004522945266216993,21
2021-11-02,^HSI,-0.0015528233489021659,-0.020089538767933846,21
2021-11-03,^HSI,-0.0018940415466204286,-0.0014447120483964682,21
2021-11-04,^HSI,-0.0019392184913158417,0.0033391350880265236,21
2021-11-05,^HSI,-0.002530310768634081,-0.00321830902248621,21
2021-11-08,^HSI,-0.0018206010572612286,0.0008172720554284751,21
2021-11-09,^HSI,-0.0015428781043738127,-0.00561387138441205,21
2021-11-10,^HSI,-0.001899644499644637,0.008384387008845806,21
2021-11-11,^HSI,0.00044203095603734255,0.015642985701560974,21
2021-11-12,^HSI,-0.000994667294435203,-0.007664002478122711,21
2021-11-15,^HSI,-0.0017431179294362664,-0.0018524930346757174,21
2021-11-16,^HSI,-0.0013054886367172003,0.010442888364195824,21
2021-11-17,^HSI,-0.0012248959392309189,-0.0006910053780302405,21
2021-11-18,^HSI,-0.0019710035994648933,-0.0019791109953075647,21
2021-11-19,^HSI,-0.001636238768696785,0.004624266177415848,21
2021-11-22,^HSI,-0.001468258909881115,-0.004228123929351568,21
2021-11-23,^HSI,-0.002424894832074642,-0.0015164058422669768,21
2021-11-24,^HSI,-0.0024002636782824993,0.0005429920274764299,21
2021-11-25,^HSI,-0.001981491921469569,0.001637169742025435,21
2021-11-26,^HSI,-0.0016128134448081255,-0.017379291355609894,21
2021-11-29,^HSI,-0.0016682486748322845,-0.002439141506329179,21
2021-11-30,^HSI,-0.0008308773394674063,-0.013018036261200905,21
2021-12-01,^HSI,0.0016259776894003153,0.0026812118012458086,22
2021-12-02,^HSI,0.0016527269035577774,0.011196997947990894,22
2021-12-03,^HSI,0.0009394297958351672,0.0038543862756341696,22
2021-12-06,^HSI,0.0006242578965611756,-0.0030386538710445166,22
2021-12-07,^HSI,0.001107691554352641,0.011707455851137638,22
2021-12-08,^HSI,0.0008377814083360136,-0.0038742581382393837,22
2021-12-09,^HSI,0.00044583313865587115,0.0035705689806491137,22
2021-12-10,^HSI,0.0001339569571428001,-0.003114029299467802,22
2021-12-13,^HSI,0.00010846252553164959,-0.011937840841710567,22
2021-12-14,^HSI,0.0007943080854602158,-0.0024416509550064802,22
2021-12-15,^HSI,0.0011974633671343327,-0.010080176405608654,22
2021-12-16,^HSI,0.0014832960441708565,0.008022136986255646,22
2021-12-17,^HSI,0.0012760127428919077,-0.01162333320826292,22
2021-12-20,^HSI,0.0010782512836158276,-0.014619921334087849,22
2021-12-21,^HSI,0.0007863403880037367,0.007680687587708235,22
2021-12-22,^HSI,0.0010622828267514706,-0.005129195284098387,22
2021-12-23,^HSI,0.0010881687048822641,0.002238096669316292,22
2021-12-24,^HSI,0.0009950755629688501,-0.006533554755151272,22
2021-12-28,^HSI,0.0005540352431125939,-7.684496085857973e-05,22
2021-12-29,^HSI,0.0008317242027260363,-0.007226597052067518,22
2021-12-30,^HSI,0.0009531314135529101,-0.000797511835116893,22
2021-12-31,^HSI,0.0007732122321613133,-0.006650260649621487,22
2022-01-03,^HSI,-0.0038422129582613707,-0.010079709812998772,23
2022-01-04,^HSI,-0.000914118136279285,-0.0047452738508582115,23
2022-01-05,^HSI,-0.005985057447105646,-0.01801953837275505,23
2022-01-06,^HSI,-0.0041367970407009125,0.010003562085330486,23
2022-01-07,^HSI,-0.002040848135948181,0.00745367119088769,23
2022-01-10,^HSI,-0.005899095442146063,0.009419853799045086,23
2022-01-11,^HSI,-0.0045479401014745235,0.0025463514029979706,23
2022-01-12,^HSI,-0.004904322791844606,0.013725769706070423,23
2022-01-13,^HSI,-0.0020432432647794485,-0.005376929882913828,23
2022-01-14,^HSI,-0.0026802432257682085,0.008131165988743305,23
2022-01-17,^HSI,-0.004192857537418604,-0.007087695877999067,23
2022-01-18,^HSI,-0.002470521256327629,-0.006694754119962454,23
2022-01-19,^HSI,-0.002526413882151246,-0.004215667489916086,23
2022-01-20,^HSI,-0.0023260959424078465,0.028009235858917236,23
2022-01-21,^HSI,-0.0034786781761795282,0.0027259003836661577,23
2022-01-24,^HSI,-0.005919765215367079,-0.0014982305001467466,23
2022-01-25,^HSI,-0.0020063810516148806,-0.00031390265212394297,23
2022-01-26,^HSI,-0.002411835826933384,-0.0021795998327434063,23
2022-01-27,^HSI,-0.003762147156521678,-0.006072580348700285,23
2022-01-28,^HSI,-0.004275517538189888,-0.011351819150149822,23
2022-01-31,^HSI,-0.004302879795432091,0.0075114271603524685,23
2022-02-04,^HSI,0.0005772781441919506,0.007369601633399725,24
2022-02-07,^HSI,0.0004438474425114691,-0.0012148619862273335,24
2022-02-08,^HSI,0.0001336358254775405,-0.00894324854016304,24
2022-02-09,^HSI,0.00022511085262522101,0.0041426983661949635,24
2022-02-10,^HSI,0.0005948343896307051,-0.005052152089774609,24
2022-02-11,^HSI,0.0005998837877996266,0.0027927460614591837,24
2022-02-14,^HSI,0.0001380863250233233,-0.0068394578993320465,24
2022-02-15,^HSI,0.0002766960533335805,-0.0042114462703466415,24
2022-02-16,^HSI,-0.00042183315963484347,0.0040780482813715935,24
2022-02-17,^HSI,0.00023021554807201028,0.002822894137352705,24
2022-02-18,^HSI,0.000687772931996733,-0.012497738003730774,24
2022-02-21,^HSI,0.00040624133544042706,0.0025054235011339188,24
2022-02-22,^HSI,0.0004384805797599256,-0.007309067994356155,24
2022-02-23,^HSI,0.0002050967887043953,0.001789770321920514,24
2022-02-24,^HSI,0.00021930987713858485,-0.015875231474637985,24
2022-02-25,^HSI,0.00032370194094255567,-0.006170531269162893,24
2022-02-28,^HSI,0.00021394039504230022,-0.004618837498128414,24
2022-03-01,^HSI,-0.0012540076859295368,0.0009613340953364968,25
2022-03-02,^HSI,-0.001662869704887271,-0.009994653053581715,25
2022-03-03,^HSI,-0.0021053035743534565,0.001473447890020907,25
2022-03-04,^HSI,-0.001201976090669632,0.0011948636965826154,25
2022-03-07,^HSI,-0.0014383172383531928,-0.011861838400363922,25
2022-03-08,^HSI,-0.0005146584007889032,-0.0151273924857378,25
2022-03-09,^HSI,-0.00124645815230906,-0.009279638528823853,25
2022-03-10,^HSI,-0.0006977510056458414,-0.010301371105015278,25
2022-03-11,^HSI,-0.0018058443674817681,0.00457211397588253,25
2022-03-14,^HSI,-0.003368070349097252,-0.03383593261241913,25
2022-03-15,^HSI,-0.003102492308244109,-0.027640383690595627,25
2022-03-16,^HSI,-0.003397856606170535,0.05797619745135307,25
2022-03-17,^HSI,-0.0023144898004829884,0.003285180777311325,25
2022-03-18,^HSI,-0.002693379996344447,0.008419247344136238,25
2022-03-21,^HSI,0.0008294867584481835,-0.027960410341620445,25
2022-03-22,^HSI,-0.0006762163829989731,0.026389406993985176,25
2022-03-23,^HSI,-0.0032664011232554913,0.0029514841735363007,25
2022-03-24,^HSI,-0.003787561086937785,-0.002590283751487732,25
2022-03-25,^HSI,-0.0025403008330613375,-0.015332926996052265,25
2022-03-28,^HSI,-0.0015398204559460282,0.012191695161163807,25
2022-03-29,^HSI,-0.0007405523210763931,0.007155438419431448,25
2022-03-30,^HSI,-0.0021788631565868855,0.005882610101252794,25
2022-03-31,^HSI,-0.0017801974900066853,-0.011989139951765537,25
2022-04-01,^HSI,-0.0014072845224291086,0.015844382345676422,26
2022-04-04,^HSI,-0.0010678294347599149,0.012305308133363724,26
2022-04-06,^HSI,-0.0013650821056216955,-0.006306526716798544,26
2022-04-07,^HSI,-0.0009663631790317595,-0.004639594815671444,26
2022-04-08,^HSI,-0.0009745130082592368,0.009392932057380676,26
2022-04-11,^HSI,-0.0008580907597206533,-0.0223678108304739,26
2022-04-12,^HSI,-0.001594438450410962,0.0018757168436422944,26
2022-04-13,^HSI,-0.0017228815704584122,0.008539533242583275,26
2022-04-14,^HSI,-0.0013573733158409595,0.00254670437425375,26
2022-04-19,^HSI,-0.0019164348486810923,-0.0037139018531888723,26
2022-04-20,^HSI,-0.0014193370006978512,-0.0013440648326650262,26
2022-04-21,^HSI,-0.0016250632470473647,-0.004757912829518318,26
2022-04-22,^HSI,-0.0010817841393873096,0.018431277945637703,26
2022-04-25,^HSI,-0.002497065346688032,-0.020684126764535904,26
2022-04-26,^HSI,-0.0014719634782522917,-0.0027215960435569286,26
2022-04-27,^HSI,-0.0022346912883222103,0.011237801052629948,26
2022-04-28,^HSI,-0.0014428012073040009,0.007792143151164055,26
2022-04-29,^HSI,-0.0015844118315726519,0.039559055119752884,26
2022-05-03,^HSI,-0.0005009070737287402,0.00829286314547062,27
2022-05-04,^HSI,-0.002016224432736635,-0.007455762941390276,27
2022-05-05,^HSI,-0.0007688173791393638,-0.017625832930207253,27
2022-05-06,^HSI,0.00024647347163408995,-0.014152955263853073,27
2022-05-10,^HSI,0.000831263663712889,0.01710662804543972,27
2022-05-11,^HSI,-0.0014952654018998146,0.015902642160654068,27
2022-05-12,^HSI,0.0006220981595106423,-0.009068544022738934,27
2022-05-13,^HSI,0.00010868971003219485,0.014312835410237312,27
2022-05-16,^HSI,-0.0005577304400503635,-0.00904749147593975,27
2022-05-17,^HSI,-0.0008722601924091578,0.02004767209291458,27
2022-05-18,^HSI,0.00016089039854705334,-0.0014497704105451703,27
2022-05-19,^HSI,-0.0009708682773634791,-0.00130532868206501,27
2022-05-20,^HSI,-0.0005401785601861775,0.011959445662796497,27
2022-05-23,^HSI,-0.0013401787728071213,-0.006747552193701267,27
2022-05-24,^HSI,0.0003465907066129148,-0.015200094319880009,27
2022-05-25,^HSI,-0.00014193716924637556,0.0027656194288283587,27
2022-05-26,^HSI,-0.001370742218568921,-0.007726088631898165,27
2022-05-27,^HSI,-0.0012510675005614758,0.0024815970100462437,27
2022-05-30,^HSI,-0.0003204373933840543,0.009055759757757187,27
2022-05-31,^HSI,-0.0010901300702244043,0.014524120837450027,27
2022-06-01,^HSI,-0.002003345638513565,-0.005285370629280806,28
2022-06-02,^HSI,-0.0007254601223394275,0.0011909015011042356,28
2022-06-06,^HSI,-0.0023709861561656,0.017299996688961983,28
2022-06-07,^HSI,-0.0006009302451275289,-0.002125329105183482,28
2022-06-08,^HSI,0.0010031694546341896,0.010305172763764858,28
2022-06-09,^HSI,9.956362191587687e-05,-0.011478879489004612,28
2022-06-10,^HSI,-0.0025520636700093746,0.013094501569867134,28
2022-06-13,^HSI,0.0005208884831517935,-0.004496762063354254,28
2022-06-14,^HSI,0.0010478178737685084,0.013593556359410286,28
2022-06-15,^HSI,-0.0020675407722592354,0.00928308442234993,28
2022-06-16,^HSI,0.0008135096868500113,-0.03164541721343994,28
2022-06-17,^HSI,-0.0016931284917518497,0.017145423218607903,28
2022-06-20,^HSI,-0.0003926740027964115,0.01021597720682621,28
2022-06-21,^HSI,-7.651397027075291e-07,0.013759111985564232,28
2022-06-22,^HSI,8.245417848229408e-05,-0.021725019440054893,28
2022-06-23,^HSI,-0.0008631185628473759,0.005481281317770481,28
2022-06-24,^HSI,-0.0009226955007761717,0.012433908879756927,28
2022-06-27,^HSI,-0.0005580552970059216,0.011433727107942104,28
2022-06-28,^HSI,-0.001127165392972529,0.012312439270317554,28
2022-06-29,^HSI,-0.0012600589543581009,-0.005834624636918306,28
2022-06-30,^HSI,-0.00039971532532945275,-0.0026342542842030525,28
2022-07-04,^HSI,-0.0006690789596177638,0.0064185247756540775,29
2022-07-05,^HSI,-0.0003881318843923509,-0.009114479646086693,29
2022-07-06,^HSI,-0.0004907590919174254,-0.00880824588239193,29
2022-07-07,^HSI,-0.0007997028878889978,0.013530719093978405,29
2022-07-08,^HSI,-0.00026613776572048664,-0.01080276258289814,29
2022-07-11,^HSI,-0.0008459154050797224,-0.01627318747341633,29
2022-07-12,^HSI,-0.0003107543452642858,-0.002890078816562891,29
2022-07-13,^HSI,-0.0007530219154432416,-0.005446261260658503,29
2022-07-14,^HSI,-0.0006099464953877032,-0.00322634051553905,29
2022-07-15,^HSI,-0.00020373376901261508,-0.01099421177059412,29
2022-07-18,^HSI,0.0007356140413321555,0.017742406576871872,29
2022-07-19,^HSI,1.4415680197998881e-05,-0.0028099732007831335,29
2022-07-20,^HSI,-0.00033690102281980217,-0.0037363520823419094,29
2022-07-21,^HSI,-0.001525532454252243,-0.011451699770987034,29
2022-07-22,^HSI,0.0006631619180552661,-0.005242642480880022,29
2022-07-25,^HSI,-0.0015542241744697094,0.002268765587359667,29
2022-07-26,^HSI,-0.0007759850705042481,0.011024020612239838,29
2022-07-27,^HSI,-0.0011509314645081758,-0.0006984197534620762,29
2022-07-28,^HSI,-0.0006500906310975552,-0.004006052855402231,29
2022-07-29,^HSI,0.0011414370965212584,-0.024064484983682632,29
2022-08-01,^HSI,-0.0010361599270254374,0.006928705610334873,30
2022-08-02,^HSI,0.00042840203968808055,-0.012815417721867561,30
2022-08-03,^HSI,-0.0003374085354153067,-0.004975670017302036,30
2022-08-04,^HSI,-0.0004503160889726132,0.00810196716338396,30
2022-08-05,^HSI,0.0009273021132685244,-0.00403356458991766,30
2022-08-08,^HSI,0.003171060001477599,-0.0009762918925844133,30
2022-08-09,^HSI,0.0019378771539777517,-0.0017911529866978526,30
2022-08-10,^HSI,-0.00022496195742860436,-0.017472928389906883,30
2022-08-11,^HSI,0.0038931698072701693,0.012116440571844578,30
2022-08-12,^HSI,-0.0011203582398593426,0.0008593305246904492,30
2022-08-15,^HSI,-0.00010968645801767707,0.00011870985326822847,30
2022-08-16,^HSI,-0.0008419686928391457,-0.013852865435183048,30
2022-08-17,^HSI,0.0007884196820668876,-0.0036735304165631533,30
2022-08-18,^HSI,0.002827306743711233,-0.011471609584987164,30
2022-08-19,^HSI,-0.001033309381455183,0.005895478185266256,30
2022-08-22,^HSI,5.2603776566684246e-05,0.00431108707562089,30
2022-08-23,^HSI,0.001292550005018711,-0.007202561944723129,30
2022-08-24,^HSI,0.0002558505511842668,-0.014094183221459389,30
2022-08-25,^HSI,0.0031696786172688007,0.027925856411457062,30
2022-08-26,^HSI,0.001622828422114253,0.0015554752899333835,30
2022-08-29,^HSI,6.459938595071435e-05,0.0031478824093937874,30
2022-08-30,^HSI,-0.00018062395974993706,-0.005683402996510267,30
2022-08-31,^HSI,0.0009506220812909305,0.018437646329402924,30
2022-09-01,^HSI,0.00044871430145576596,-0.00835442915558815,31
2022-09-02,^HSI,0.0016747497720643878,-0.006169511470943689,31
2022-09-05,^HSI,0.0015954325208440423,-0.0038100513629615307,31
2022-09-06,^HSI,0.0006296448409557343,-0.003066146979108453,31
2022-09-07,^HSI,0.00036918307887390256,0.006766678299754858,31
2022-09-08,^HSI,0.0007755765691399574,-0.009985750541090965,31
2022-09-09,^HSI,0.002538583241403103,0.02449938654899597,31
2022-09-13,^HSI,0.0014807082479819655,-0.004016438964754343,31
2022-09-14,^HSI,0.00019310758216306567,-0.004563282709568739,31
2022-09-15,^HSI,0.0006385886808857322,0.005109626334160566,31
2022-09-16,^HSI,0.0011891033500432968,0.0015602445928379893,31
2022-09-19,^HSI,0.0006338763050734997,-0.006944436114281416,31
2022-09-20,^HSI,0.0016719669802114367,0.0043082088232040405,31
2022-09-21,^HSI,0.0013859031023457646,-0.010475408285856247,31
2022-09-22,^HSI,0.0003342194831930101,0.0036997892893850803,31
2022-09-23,^HSI,0.000878389342688024,-0.006797702517360449,31
2022-09-26,^HSI,0.0014307238161563873,0.004112106282263994,31
2022-09-27,^HSI,0.0017094298964366317,0.0012134895659983158,31
2022-09-28,^HSI,0.00177322409581393,-0.02589297480881214,31
2022-09-29,^HSI,0.0022123665548861027,-0.02327951230108738,31
2022-09-30,^HSI,0.0018000692361965775,0.0033092466183006763,31
2022-10-03,^HSI,-0.000561184308025986,0.001714619342237711,32
2022-10-05,^HSI,-0.0008479455718770623,0.015376372262835503,32
2022-10-06,^HSI,4.295207327231765e-05,-0.00489193107932806,32
2022-10-07,^HSI,-0.0005387531127780676,-0.006269372999668121,32
2022-10-10,^HSI,-0.0005397876375354826,-0.013425406999886036,32
2022-10-11,^HSI,-6.353599019348621e-05,-0.021299781277775764,32
2022-10-12,^HSI,-0.0010453774593770504,-0.0034214877523481846,32
2022-10-13,^HSI,-0.001903800992295146,-0.018830612301826477,32
2022-10-14,^HSI,0.0005240976461209357,-0.005050631705671549,32
2022-10-17,^HSI,-0.0007049210835248232,0.008047763258218765,32
2022-10-18,^HSI,-0.0002597164420876652,0.003220207989215851,32
2022-10-19,^HSI,-0.0003857780247926712,-0.017686879262328148,32
2022-10-20,^HSI,-0.00041056261397898197,0.0030407991725951433,32
2022-10-21,^HSI,-0.0001704505702946335,-0.007374465465545654,32
2022-10-24,^HSI,0.0003578393370844424,-0.04596461355686188,32
2022-10-25,^HSI,-0.0008562245639041066,-0.0050322748720645905,32
2022-10-26,^HSI,-0.0004669897025451064,0.014556032605469227,32
2022-10-27,^HSI,-0.0006684889667667449,-0.018834363669157028,32
2022-10-28,^HSI,-0.0009296026546508074,-0.037106797099113464,32
2022-10-31,^HSI,-0.0003750962787307799,-0.009734632447361946,32
2022-11-01,^HSI,-0.0017733799759298563,0.039282362908124924,33
2022-11-02,^HSI,-0.0022626956924796104,0.02803938277065754,33
2022-11-03,^HSI,-0.0016709897900000215,-0.00897231325507164,33
2022-11-04,^HSI,-0.002023765817284584,0.04546930268406868,33
2022-11-07,^HSI,-0.002726661041378975,0.03458265960216522,33
2022-11-08,^HSI,-0.003534891176968813,-0.005017739720642567,33
2022-11-09,^HSI,-0.0013544763205572963,-0.011806485243141651,33
2022-11-10,^HSI,-0.002859455766156316,-0.0035494142211973667,33
2022-11-11,^HSI,-0.0009449102217331529,0.011938312090933323,33
2022-11-14,^HSI,-0.0014152618823572993,-0.021312417462468147,33
2022-11-15,^HSI,-0.0023723002523183823,0.03762391582131386,33
2022-11-16,^HSI,-0.0017965544247999787,0.004791656509041786,33
2022-11-17,^HSI,-0.0015661941142752767,-0.0014364023227244616,33
2022-11-18,^HSI,-0.001443270593881607,-0.017837440595030785,33
2022-11-21,^HSI,-0.003077996661886573,9.967502410290763e-05,33
2022-11-22,^HSI,-0.002931810449808836,-0.011456992477178574,33
2022-11-23,^HSI,-0.0034141296055167913,0.003596440888941288,33
2022-11-24,^HSI,-0.0016835762653499842,-0.0013370277592912316,33
2022-11-25,^HSI,-0.001634705695323646,-0.0056526814587414265,33
2022-11-28,^HSI,-0.0017837773775681853,0.017360486090183258,33
2022-11-29,^HSI,-0.0002596377453301102,0.03613485023379326,33
2022-11-30,^HSI,-0.001597941154614091,0.024807201698422432,33
2022-12-01,^HSI,-0.0014841539086773992,-0.017063943669199944,34
2022-12-02,^HSI,-0.0016256023664027452,-0.005869095213711262,34
2022-12-05,^HSI,-0.0019277199171483517,0.015313134528696537,34
2022-12-06,^HSI,-0.0015457861591130495,0.011874052695930004,34
2022-12-07,^HSI,-0.0010951152071356773,-0.029638051986694336,34
2022-12-08,^HSI,-0.0016622269758954644,0.02526106685400009,34
2022-12-09,^HSI,-0.0013276292011141777,0.02115796133875847,34
2022-12-12,^HSI,-0.001474442658945918,-0.006702271290123463,34
2022-12-13,^HSI,-0.0017987245228141546,0.007076329551637173,34
2022-12-14,^HSI,-0.0010922311339527369,-0.005165233742445707,34
2022-12-15,^HSI,-0.001719300402328372,-0.012523108161985874,34
2022-12-16,^HSI,-0.0015903104795143008,0.005514767952263355,34
2022-12-19,^HSI,-0.0019279058324173093,-0.006150712259113789,34
2022-12-20,^HSI,-0.0011719845933839679,-0.003248936031013727,34
2022-12-21,^HSI,-0.0015928687062114477,-0.0015863790176808834,34
2022-12-22,^HSI,-0.001799122430384159,0.0072301956824958324,34
2022-12-23,^HSI,-0.0016797558637335896,0.010818758979439735,34
2022-12-28,^HSI,-0.0016838917508721352,0.005592330824583769,34
2022-12-29,^HSI,-0.0014727605739608407,0.004708884749561548,34
2022-12-30,^HSI,-0.0015039790887385607,-0.012530949898064137,34
2023-01-03,^HSI,0.00059296446852386,0.028950730338692665,35
2023-01-04,^HSI,0.0038114157505333424,0.02301699109375477,35
2023-01-05,^HSI,0.002495827851817012,-0.011509478092193604,35
2023-01-06,^HSI,0.0009367519523948431,-0.01086181029677391,35
2023-01-09,^HSI,0.0016181760001927614,0.004329487681388855,35
2023-01-10,^HSI,-0.0009980998001992702,-0.0018246968975290656,35
2023-01-11,^HSI,0.000753863831050694,-0.0012946209171786904,35
2023-01-12,^HSI,-0.0007263827719725668,-0.003976479638367891,35
2023-01-13,^HSI,-0.001339352922514081,0.006164225749671459,35
2023-01-16,^HSI,-0.0017586401663720608,-0.0033021527342498302,35
2023-01-17,^HSI,0.0016714113298803568,-0.0046426416374742985,35
2023-01-18,^HSI,-0.0017399166245013475,0.0075568147003650665,35
2023-01-19,^HSI,-0.0015132514527067542,0.009220750071108341,35
2023-01-20,^HSI,-0.0008113201474770904,0.010588550940155983,35
2023-01-26,^HSI,0.0025158626958727837,0.008026628755033016,35
2023-01-27,^HSI,0.0005768348928540945,0.003265973413363099,35
2023-01-30,^HSI,0.0001044283271767199,-0.022852275520563126,35
2023-01-31,^HSI,-0.0006435794057324529,-0.015804050490260124,35
2023-02-01,^HSI,-0.0016020898474380374,0.006881984416395426,36
2023-02-02,^HSI,-0.000913018942810595,-0.014372307807207108,36
2023-02-03,^HSI,-0.001451038639061153,-0.006929128430783749,36
2023-02-06,^HSI,-0.001022593816742301,-0.005966933444142342,36
2023-02-07,^HSI,-0.0012802197597920895,0.00048411826719529927,36
2023-02-08,^HSI,-0.0014404779067263007,-1.7894406482810155e-05,36
2023-02-09,^HSI,-0.0014062275877222419,0.021979596465826035,36
2023-02-10,^HSI,-0.0014024043921381235,-0.017264558002352715,36
2023-02-13,^HSI,-0.0010543690295889974,0.012090123258531094,36
2023-02-14,^HSI,-0.0019216397777199745,-0.005769134499132633,36
2023-02-15,^HSI,-0.0015421303687617183,-0.014532910659909248,36
2023-02-16,^HSI,-0.000961381709203124,0.0019363240571692586,36
2023-02-17,^HSI,-0.0007934150053188205,-0.011460261419415474,36
2023-02-20,^HSI,-0.0008765242528170347,0.009886921383440495,36
2023-02-21,^HSI,-0.0010598712833598256,-0.01594707928597927,36
2023-02-22,^HSI,-0.0012249726569280028,-0.004331142175942659,36
2023-02-23,^HSI,-0.0013837909791618586,0.0005996102117933333,36
2023-02-24,^HSI,-0.0014033480547368526,-0.010619595646858215,36
2023-02-27,^HSI,-0.0010939015774056315,0.006160305812954903,36
2023-02-28,^HSI,-0.0010520181385800242,-0.011768704280257225,36
2023-03-01,^HSI,-0.0014158484991639853,0.03804492950439453,37
2023-03-02,^HSI,-0.0016940440982580185,0.001932480139657855,37
2023-03-03,^HSI,-0.0014718155143782496,-0.006571350619196892,37
2023-03-06,^HSI,-0.0011864665430039167,0.008056380786001682,37
2023-03-07,^HSI,-0.0016398229636251926,-0.003517130622640252,37
2023-03-08,^HSI,-0.001527983695268631,-0.01020351704210043,37
2023-03-09,^HSI,-0.0018445488531142473,-0.007832426577806473,37
2023-03-10,^HSI,-0.0013496356550604105,-0.013411752879619598,37
2023-03-13,^HSI,-0.0018869496416300535,0.014528787694871426,37
2023-03-14,^HSI,-0.0015076280105859041,-0.014265457168221474,37
2023-03-15,^HSI,-0.0014183075400069356,0.000838581589050591,37
2023-03-16,^HSI,-0.0013466528616845608,0.0003093313716817647,37
2023-03-17,^HSI,-0.0014940535183995962,0.0040427763015031815,37
2023-03-20,^HSI,-0.001209609559737146,-0.018365902826189995,37
2023-03-21,^HSI,-0.001127865631133318,0.007290249690413475,37
2023-03-22,^HSI,-0.0007010296685621142,0.008358387276530266,37
2023-03-23,^HSI,-0.00097127805929631,0.02167501486837864,37
2023-03-24,^HSI,-0.0005676552536897361,-0.00019935585441999137,37
2023-03-27,^HSI,-0.0006376445526257157,-0.014414423145353794,37
2023-03-28,^HSI,-0.001233816845342517,0.004881317727267742,37
2023-03-29,^HSI,-0.0005491385236382484,-0.007707794662564993,37
2023-03-30,^HSI,-0.0011221601162105799,0.004557180218398571,37
2023-03-31,^HSI,-0.0011816699989140034,-0.008968024514615536,37
2023-04-03,^HSI,-0.0013263359433040023,0.0014552907086908817,38
2023-04-04,^HSI,-0.001252470538020134,-0.0044179135002195835,38
2023-04-06,^HSI,-0.001269464148208499,0.009139901027083397,38
2023-04-11,^HSI,6.89694716129452e-05,-0.003963268827646971,38
2023-04-12,^HSI,-0.0007785677444189787,-0.008417018689215183,38
2023-04-13,^HSI,-0.0009103076299652457,0.018179932609200478,38
2023-04-14,^HSI,-0.0010022139176726341,0.0007875302108004689,38
2023-04-17,^HSI,-0.0008288888493552804,0.01982424408197403,38
2023-04-18,^HSI,-0.0013652944471687078,0.00034385736216790974,38
2023-04-19,^HSI,-0.000945836363825947,-0.012938489206135273,38
2023-04-20,^HSI,-0.001210520975291729,0.0020681608002632856,38
2023-04-21,^HSI,-0.001206993474625051,-0.012593379244208336,38
2023-04-24,^HSI,-0.0011920435354113579,-0.004495389759540558,38
2023-04-25,^HSI,-0.001345940981991589,-0.014455628581345081,38
2023-04-26,^HSI,-0.0016759989084675908,0.012032193131744862,38
2023-04-27,^HSI,-0.0014088989701122046,0.005252085626125336,38
2023-04-28,^HSI,-0.001480843755416572,-0.0020812763832509518,38
2023-05-02,^HSI,0.0013232789933681488,-0.009441177360713482,39
2023-05-03,^HSI,0.0030252039432525635,0.0006606405368074775,39
2023-05-04,^HSI,0.0014735324075445533,0.012763621285557747,39
2023-05-05,^HSI,0.0008526977617293596,-0.0005828652647323906,39
2023-05-08,^HSI,0.0014481523539870977,0.008353727869689465,39
2023-05-09,^HSI,0.0028987349942326546,-0.01917075365781784,39
2023-05-10,^HSI,0.0021113972179591656,-0.004961851984262466,39
2023-05-11,^HSI,0.0011745948577299714,-0.005011351779103279,39
2023-05-12,^HSI,0.0003554000868462026,-0.011327906511723995,39
2023-05-15,^HSI,0.002246492076665163,0.022588977590203285,39
2023-05-16,^HSI,0.007296871393918991,-0.010210322216153145,39
2023-05-17,^HSI,0.0021125059574842453,-0.020020585507154465,39
2023-05-18,^HSI,0.0015427941689267755,0.0012437000405043364,39
2023-05-19,^HSI,0.001161845400929451,-0.004356431774795055,39
2023-05-22,^HSI,0.0035141617991030216,0.010169824585318565,39
2023-05-23,^HSI,0.0021494226530194283,-0.014419103972613811,39
2023-05-24,^HSI,0.0011934353969991207,-0.008514679968357086,39
2023-05-25,^HSI,0.002888909075409174,-0.009730671532452106,39
2023-05-29,^HSI,0.0020957388915121555,-0.014766671694815159,39
2023-05-30,^HSI,0.0022607208229601383,0.0011616821866482496,39
2023-05-31,^HSI,0.003025723621249199,-0.00986278522759676,39
2023-06-01,^HSI,0.0014519906835630536,0.0014634821563959122,40
2023-06-02,^HSI,0.001130581833422184,0.020425129681825638,40
2023-06-05,^HSI,-0.0023730071261525154,0.004907174967229366,40
2023-06-06,^HSI,-0.0013946634717285633,-0.0009331117034889758,40
2023-06-07,^HSI,-0.0008439076482318342,-0.003895911853760481,40
2023-06-08,^HSI,-0.0009492186945863068,0.0037033711560070515,40
2023-06-09,^HSI,-0.002013996010646224,0.002919144695624709,40
2023-06-12,^HSI,-0.0014480747049674392,-0.001888501225039363,40
2023-06-13,^HSI,0.000658807810395956,0.008527933619916439,40
2023-06-14,^HSI,-0.002524967771023512,-0.007144508883357048,40
2023-06-15,^HSI,-0.0012305029667913914,0.01024545542895794,40
2023-06-16,^HSI,-0.002179700182750821,0.006253413390368223,40
2023-06-19,^HSI,0.0005287124076858163,-0.003534656250849366,40
2023-06-20,^HSI,-0.0003663098905235529,-0.013011239469051361,40
2023-06-21,^HSI,-0.0014312562998384237,-0.00451104249805212,40
2023-06-23,^HSI,9.053212124854326e-06,-0.012889008969068527,40
2023-06-26,^HSI,-0.0018154379213228822,-0.0027507715858519077,40
2023-06-27,^HSI,-0.00019601336680352688,0.01560412347316742,40
2023-06-28,^HSI,-0.0008741298224776983,0.0037970999255776405,40
2023-06-29,^HSI,0.0006455276161432266,-0.012904403731226921,40
2023-06-30,^HSI,0.0011006852146238089,0.0018519572913646698,40
2023-07-03,^HSI,-0.0010033013531938195,0.01587325893342495,41
2023-07-04,^HSI,-0.00038957642391324043,0.0065428465604782104,41
2023-07-05,^HSI,-0.0009882578160613775,-0.012722223997116089,41
2023-07-06,^HSI,-0.0008144945022650063,-0.0164483729749918,41
2023-07-07,^HSI,8.609105134382844e-05,-0.0037912828847765923,41
2023-07-10,^HSI,-0.0002121299330610782,-0.01438645739108324,41
2023-07-11,^HSI,0.0006130291731096804,-0.00062091916333884,41
2023-07-12,^HSI,-0.00034151278669014573,0.0033958035055547953,41
2023-07-13,^HSI,-0.00237583601847291,0.008788020350039005,41
2023-07-14,^HSI,-0.001949758268892765,-0.00621544336900115,41
2023-07-18,^HSI,-0.0007168381125666201,-0.016099391505122185,41
2023-07-19,^HSI,0.0010624080896377563,0.00665562879294157,41
2023-07-20,^HSI,-0.0015002419240772724,-0.003968219738453627,41
2023-07-21,^HSI,-0.002304584253579378,0.008241385221481323,41
2023-07-24,^HSI,-7.282552542164922e-05,-0.010627778246998787,41
2023-07-25,^HSI,0.00042282516369596124,0.013579262420535088,41
2023-07-26,^HSI,-0.0008004131959751248,0.0012592958519235253,41
2023-07-27,^HSI,-0.0008220721501857042,0.007001323159784079,41
2023-07-28,^HSI,-0.0015853240620344877,0.025326360017061234,41
2023-07-31,^HSI,-0.001742502674460411,-0.007867289707064629,41
2023-08-01,^HSI,-0.00031739985570311546,-0.00994879100471735,42
2023-08-02,^HSI,-0.0003536613075993955,-0.019553499296307564,42
2023-08-03,^HSI,0.00042519980343058705,0.0008617392159067094,42
2023-08-04,^HSI,0.0024678048212081194,-0.006716063711792231,42
2023-08-07,^HSI,0.00036524364259094,0.0032430472783744335,42
2023-08-08,^HSI,-0.0008397542405873537,-0.006462587509304285,42
2023-08-09,^HSI,0.0011248632799834013,0.009734902530908585,42
2023-08-10,^HSI,0.00020391482394188643,0.006424275226891041,42
2023-08-11,^HSI,0.0015679674688726664,-0.012747669592499733,42
2023-08-14,^HSI,0.0024177501909434795,0.004068268928676844,42
2023-08-15,^HSI,-0.0006792291533201933,-0.0009730873862281442,42
2023-08-16,^HSI,0.00014843116514384747,-0.0014910129830241203,42
2023-08-17,^HSI,7.682357681915164e-05,0.01670045219361782,42
2023-08-18,^HSI,0.0001898631453514099,-0.014277459122240543,42
2023-08-21,^HSI,0.00013303215382620692,-0.0098912687972188,42
2023-08-22,^HSI,-0.0016864381032064557,0.008418808691203594,42
2023-08-23,^HSI,-0.0009501699823886156,0.004670788533985615,42
2023-08-24,^HSI,-0.00024909229250624776,0.01212223432958126,42
2023-08-25,^HSI,-0.00020501608378253877,0.004524223506450653,42
2023-08-28,^HSI,-0.00022063907817937434,-0.021192703396081924,42
2023-08-29,^HSI,-0.0008560105925425887,0.01210168469697237,42
2023-08-30,^HSI,-0.0006131691043265164,-0.00953631941229105,42
2023-08-31,^HSI,-0.0008502594428136945,-0.010735847987234592,42
2023-09-04,^HSI,-0.0013499729102477431,0.013443210162222385,43
2023-09-05,^HSI,-0.0006130244582891464,-0.014015802182257175,43
2023-09-06,^HSI,-0.001117343083024025,0.0024360634852200747,43
2023-09-07,^HSI,-0.0015024057356640697,-0.012850233353674412,43
2023-09-11,^HSI,-0.0013614167692139745,0.008590895682573318,43
2023-09-12,^HSI,-0.00046262459363788366,0.0005732332356274128,43
2023-09-13,^HSI,-0.0008161566802300513,-0.006744786165654659,43
2023-09-14,^HSI,-0.0011505342554301023,-0.0029898332431912422,43
2023-09-15,^HSI,-0.0012696182820945978,0.0015896162949502468,43
2023-09-18,^HSI,-0.0007833560812287033,-0.007693918887525797,43
2023-09-19,^HSI,-0.00034284856519661844,0.0030662668868899345,43
2023-09-20,^HSI,0.0015038958517834544,-0.0029951517935842276,43
2023-09-21,^HSI,-0.000979766366071999,-0.00792025774717331,43
2023-09-22,^HSI,-0.0005111535429023206,0.026895400136709213,43
2023-09-25,^HSI,0.0005149833159521222,-0.017755383625626564,43
2023-09-26,^HSI,0.0006165578961372375,-0.011099240742623806,43
2023-09-27,^HSI,-0.0012581635965034366,0.007967198267579079,43
2023-09-28,^HSI,-0.00196134764701128,-0.012245582416653633,43
2023-09-29,^HSI,-0.0009289983427152038,0.01840054988861084,43
2023-10-03,^HSI,-0.0009054825641214848,-0.012338726781308651,44
2023-10-04,^HSI,-0.001825476996600628,-0.004119273740798235,44
2023-10-05,^HSI,-0.002164877485483885,-0.0020950408652424812,44
2023-10-06,^HSI,-0.0019320002757012844,0.006653177086263895,44
2023-10-09,^HSI,-0.001195014687255025,0.0009727205033414066,44
2023-10-10,^HSI,-0.002737232018262148,-0.0034980543423444033,44
2023-10-11,^HSI,-0.0023340433835983276,-0.0035554063506424427,44
2023-10-12,^HSI,-0.002224844414740801,-0.0010986722772940993,44
2023-10-13,^HSI,-0.002295990474522114,-0.007456382270902395,44
2023-10-16,^HSI,-0.0025569554418325424,-0.009195002727210522,44
2023-10-17,^HSI,-0.0013544964604079723,-0.001848849467933178,44
2023-10-18,^HSI,-0.0016103864181786776,0.00024080308503471315,44
2023-10-19,^HSI,-0.00303916959092021,-0.014041328802704811,44
2023-10-20,^HSI,-0.0022512031719088554,0.002616438316181302,44
2023-10-24,^HSI,-0.0024674334563314915,-0.003620017087087035,44
2023-10-25,^HSI,-0.001282773446291685,-0.022003276273608208,44
2023-10-26,^HSI,-0.0024246471002697945,-0.0023738709278404713,44
2023-10-27,^HSI,-0.002034876961261034,0.013802717439830303,44
2023-10-30,^HSI,-0.001499716890975833,0.010436045937240124,44
2023-10-31,^HSI,-0.002278656233102083,-0.013075226917862892,44
2023-11-01,^HSI,-0.0003533380222506821,-0.002197419060394168,45
2023-11-02,^HSI,-0.0011266636429354548,-0.0030018165707588196,45
2023-11-03,^HSI,-0.0004014645819552243,0.014725602231919765,45
2023-11-06,^HSI,0.002015533158555627,0.002957114251330495,45
2023-11-07,^HSI,0.00033414358040317893,-0.010159201920032501,45
2023-11-08,^HSI,0.002142280340194702,-0.004659362602978945,45
2023-11-09,^HSI,0.007088819518685341,-0.0023939120583236217,45
2023-11-10,^HSI,0.0033590823877602816,-0.008543713018298149,45
2023-11-13,^HSI,0.004797023721039295,0.009409965947270393,45
2023-11-14,^HSI,0.0005421375390142202,-0.005631125066429377,45
2023-11-15,^HSI,-0.0013954370515421033,0.013495692983269691,45
2023-11-16,^HSI,-0.001349730766378343,-0.018989339470863342,45
2023-11-17,^HSI,-0.0005699479370377958,-0.007427910342812538,45
2023-11-20,^HSI,0.0007130856392905116,0.008599694818258286,45
2023-11-21,^HSI,-0.0018945400370284915,-0.01113935373723507,45
2023-11-22,^HSI,-0.0007405587239190936,-0.00010153540642932057,45
2023-11-23,^HSI,0.0012012410443276167,0.012969178147614002,45
2023-11-24,^HSI,0.0011181703303009272,-0.012019564397633076,45
2023-11-27,^HSI,-0.0012629630509763956,-0.008661861531436443,45
2023-11-28,^HSI,-0.000885641435161233,-0.01073725800961256,45
2023-11-29,^HSI,-0.00024971901439130306,-0.02128836140036583,45
2023-11-30,^HSI,0.0022575464099645615,0.003391390899196267,45
2023-12-01,^HSI,-0.0013380651362240314,-0.011159471236169338,46
2023-12-04,^HSI,-0.0007996837957762182,-0.016268985345959663,46
2023-12-05,^HSI,-0.0005806847475469112,-0.01692366413772106,46
2023-12-06,^HSI,-0.0004096956108696759,0.009232638403773308,46
2023-12-07,^HSI,-0.0005945769953541458,-0.0018672747537493706,46
2023-12-08,^HSI,-0.00045054429210722446,-0.002389051951467991,46
2023-12-11,^HSI,-0.001258048927411437,0.0032414107117801905,46
2023-12-12,^HSI,-0.0012947486247867346,0.008490578271448612,46
2023-12-13,^HSI,-0.0008706507505849004,-0.005098891910165548,46
2023-12-14,^HSI,-0.0012158937752246857,-0.0010694547090679407,46
2023-12-15,^HSI,-0.0006771997432224452,0.010866845957934856,46
2023-12-18,^HSI,-0.0011270935647189617,-0.0024378991220146418,46
2023-12-19,^HSI,-0.0012437703553587198,-0.0028097087051719427,46
2023-12-20,^HSI,0.00044614815851673484,-0.0020527285523712635,46
2023-12-21,^HSI,-0.0011948924511671066,0.010036900639533997,46
2023-12-22,^HSI,-0.0007949748542159796,-0.02434268593788147,46
2023-12-27,^HSI,-0.0002552027581259608,0.0038003644440323114,46
2023-12-28,^HSI,-0.0006418150733225048,0.02166631445288658,46
2023-12-29,^HSI,-0.0003957098815590143,-0.0011214726837351918,46
2024-01-02,^HSI,-0.001341534312814474,-0.020432954654097557,47
2024-01-03,^HSI,-0.001833446091040969,0.0012918171705678105,47
2024-01-04,^HSI,-0.0019519568886607885,-0.0016458845930173993,47
2024-01-05,^HSI,-0.0017626804765313864,-0.002282745437696576,47
2024-01-08,^HSI,-0.0019431321416050196,-0.0217899139970541,47
2024-01-09,^HSI,-0.0015226835384964943,-0.00407322496175766,47
2024-01-10,^HSI,-0.0014513470232486725,-0.0028962576761841774,47
2024-01-11,^HSI,-0.0015451235231012106,0.0091120395809412,47
2024-01-12,^HSI,-0.0015582626219838858,0.0017011115560308099,47
2024-01-15,^HSI,-0.0017307677771896124,-0.0025835703127086163,47
2024-01-16,^HSI,-0.0015846800524741411,-0.010304154828190804,47
2024-01-17,^HSI,-0.0012325735297054052,-0.03141104802489281,47
2024-01-18,^HSI,-0.0018196133896708488,0.005903621669858694,47
2024-01-19,^HSI,-0.0019204348791390657,-0.006251367274671793,47
2024-01-22,^HSI,-0.0018338561058044434,-0.025594744831323624,47
2024-01-23,^HSI,-0.001444732304662466,0.020772473886609077,47
2024-01-24,^HSI,-0.0013341179583221674,0.018882974982261658,47
2024-01-25,^HSI,-0.001588089857250452,0.013789437711238861,47
2024-01-26,^HSI,-0.0015656303148716688,-0.012861164286732674,47
2024-01-29,^HSI,-0.001685654977336526,0.001929444377310574,47
2024-01-30,^HSI,-0.0012981216423213482,-0.012228588573634624,47
2024-01-31,^HSI,-0.0016341828741133213,-0.010725532658398151,47
2024-02-01,^HSI,-0.002514119725674391,0.002788738114759326,48
2024-02-02,^HSI,-0.0008937196107581258,-0.014226051978766918,48
2024-02-05,^HSI,-0.002921117004007101,0.011226502247154713,48
2024-02-06,^HSI,-0.0021382805425673723,0.03761019930243492,48
2024-02-07,^HSI,-0.001762449275702238,-0.012390362098813057,48
2024-02-08,^HSI,-5.768827395513654e-05,-0.0069382949732244015,48
2024-02-09,^HSI,-0.002037625527009368,0.0023703225888311863,48
2024-02-14,^HSI,-0.0011605543550103903,0.019071225076913834,48
2024-02-15,^HSI,0.00257790251635015,0.007581044919788837,48
2024-02-16,^HSI,-0.0014144375454634428,0.020553775131702423,48
2024-02-19,^HSI,0.002798457397148013,-0.011010202579200268,48
2024-02-20,^HSI,0.0010221160482615232,0.0015657678013667464,48
2024-02-21,^HSI,-0.001923688454553485,0.019591255113482475,48
2024-02-22,^HSI,-0.00037570082349702716,0.015232803300023079,48
2024-02-23,^HSI,-0.0012024851748719811,0.004264748189598322,48
2024-02-26,^HSI,-0.003129455493763089,-0.003014477202668786,48
2024-02-27,^HSI,-3.456929698586464e-05,0.008683392778038979,48
2024-02-28,^HSI,-0.00014453334733843803,-0.017786245793104172,48
2024-02-29,^HSI,-0.0011861150851473212,0.0049706618301570415,48
2024-03-01,^HSI,-0.0011050035245716572,0.012040584348142147,49
2024-03-04,^HSI,-0.0011590018402785063,-0.0020213432144373655,49
2024-03-05,^HSI,-0.002175526227802038,-0.011155425570905209,49
2024-03-06,^HSI,-0.0014321515336632729,0.01660121977329254,49
2024-03-07,^HSI,-0.0015372169436886907,-0.01151641272008419,49
2024-03-08,^HSI,-0.0016905274242162704,0.004781064577400684,49
2024-03-11,^HSI,-0.0011629522778093815,0.010386819019913673,49
2024-03-12,^HSI,-0.002249092562124133,0.02317284233868122,49
2024-03-13,^HSI,-0.0009666697005741298,0.0013473451836034656,49
2024-03-14,^HSI,-0.0020612075459212065,-0.009323345497250557,49
2024-03-15,^HSI,-0.0017960176337510347,-0.0022383276373147964,49
2024-03-18,^HSI,-0.0018006244208663702,0.0028036541771143675,49
2024-03-19,^HSI,-0.0017925533466041088,-0.00594676798209548,49
2024-03-20,^HSI,-0.002389984903857112,-0.0009630484855733812,49
2024-03-21,^HSI,-0.0020706267096102238,0.005963839590549469,49
2024-03-22,^HSI,-0.001927645644173026,-0.014787500724196434,49
2024-03-25,^HSI,-0.0018627915997058153,-0.003533259266987443,49
2024-03-26,^HSI,-0.0023318908642977476,0.004210256971418858,49
2024-03-27,^HSI,-0.0019379791337996721,-0.008358852006494999,49
2024-03-28,^HSI,-0.0020421198569238186,0.00990411639213562,49
2024-04-02,^HSI,-0.00026832689763978124,0.007099479902535677,50
2024-04-03,^HSI,-0.0020785147789865732,-0.011990534141659737,50
2024-04-05,^HSI,-0.005094369873404503,-0.0038201319985091686,50
2024-04-08,^HSI,0.002078794874250889,0.004913759883493185,50
2024-04-09,^HSI,-0.003880580887198448,0.0005284607177600265,50
2024-04-10,^HSI,-0.0037149107083678246,0.012514427304267883,50
2024-04-11,^HSI,-0.0010083509841933846,0.014069820754230022,50
2024-04-12,^HSI,-0.005352652631700039,-0.015252924524247646,50
2024-04-15,^HSI,-0.005709762219339609,0.006836473476141691,50
2024-04-16,^HSI,-0.004043694119900465,-0.007279790472239256,50
2024-04-17,^HSI,-0.004082356579601765,0.0016195770585909486,50
2024-04-18,^HSI,-0.004426296334713697,0.008127037435770035,50
2024-04-19,^HSI,-0.005696841515600681,-0.0013674080837517977,50
2024-04-22,^HSI,-0.001001435099169612,0.006127094384282827,50
2024-04-23,^HSI,-0.0045059677213430405,0.008925547823309898,50
2024-04-24,^HSI,-0.005956666078418493,0.012171696871519089,50
2024-04-25,^HSI,-0.003707499010488391,0.008157198317348957,50
2024-04-26,^HSI,-0.002242011483758688,0.018004203215241432,50
2024-04-29,^HSI,-0.0026925713755190372,0.000506158045027405,50
2024-04-30,^HSI,-0.0036870972253382206,-0.0045166113413870335,50
2024-05-02,^HSI,-0.0008858895162120461,0.02482631616294384,51
2024-05-03,^HSI,-0.000409268366638571,-0.003640321549028158,51
2024-05-06,^HSI,0.0006239134818315506,0.004842611029744148,51
2024-05-07,^HSI,-4.060097853653133e-05,-0.005298976320773363,51
2024-05-08,^HSI,-0.0002615651173982769,-0.01068213302642107,51
2024-05-09,^HSI,-0.001739251776598394,0.012569928541779518,51
2024-05-10,^HSI,7.897138129919767e-05,0.015638144686818123,51
2024-05-13,^HSI,0.002660709898918867,0.01107230968773365,51
2024-05-14,^HSI,-0.0009637888288125396,-0.006798237562179565,51
2024-05-16,^HSI,0.000553398160263896,0.005887296516448259,51
2024-05-17,^HSI,-3.548589302226901e-05,0.0014580944553017616,51
2024-05-20,^HSI,-0.0001957895583473146,0.0007535354816354811,51
2024-05-21,^HSI,0.0034274114295840263,-0.013079676777124405,51
2024-05-22,^HSI,0.0026163430884480476,-0.0015439614653587341,51
2024-05-23,^HSI,0.0008309604600071907,-0.008217855356633663,51
2024-05-24,^HSI,0.0029857675544917583,-0.007139815948903561,51
2024-05-27,^HSI,0.0023666569031774998,0.011825419962406158,51
2024-05-28,^HSI,0.0007467758841812611,0.00037998449988663197,51
2024-05-29,^HSI,0.0011400965740904212,-0.00982334092259407,51
2024-05-30,^HSI,5.245069041848183e-05,-0.010563202202320099,51
2024-05-31,^HSI,0.0015903435414656997,-0.018088558688759804,51
2024-06-03,^HSI,-0.0010976491030305624,0.006513492204248905,52
2024-06-04,^HSI,-0.0018566313665360212,0.005908742547035217,52
2024-06-05,^HSI,-0.001331954961642623,-0.0035117908846586943,52
2024-06-06,^HSI,-0.0020756321027874947,-0.005439548287540674,52
2024-06-07,^HSI,-0.0017725060461089015,-0.01058955304324627,52
2024-06-11,^HSI,-0.0023923306725919247,0.0007276224787347019,52
2024-06-12,^HSI,-0.0015831523342058063,-0.005257721990346909,52
2024-06-13,^HSI,-0.0014158140402287245,0.0004693959199357778,52
2024-06-14,^HSI,-0.0017012942116707563,-0.004797972738742828,52
2024-06-17,^HSI,-0.0019197501242160797,0.004876356106251478,52
2024-06-18,^HSI,-0.0017590102506801486,-0.0025832315441221,52
2024-06-19,^HSI,-0.0006048053037375212,0.020510703325271606,52
2024-06-20,^HSI,-0.002210975158959627,-0.006431874353438616,52
2024-06-21,^HSI,-0.002232132712379098,-0.009419452399015427,52
2024-06-24,^HSI,-0.0017672538524493575,0.006754148285835981,52
2024-06-25,^HSI,-0.002110437722876668,-0.000836214458104223,52
2024-06-26,^HSI,-0.0017178683774545789,0.0086218835785985,52
2024-06-27,^HSI,-0.002431933069601655,-0.012872493825852871,52
2024-06-28,^HSI,-0.0022685190197080374,0.007672163657844067,52
2024-07-02,^HSI,-0.0017305404180660844,0.00562782259657979,53
2024-07-03,^HSI,-0.0018372921040281653,0.007638199254870415,53
2024-07-04,^HSI,-0.0015084404731169343,-0.0028493099380284548,53
2024-07-05,^HSI,-0.0021817851811647415,-0.01318047009408474,53
2024-07-08,^HSI,-0.00218906719237566,-0.008178610354661942,53
2024-07-09,^HSI,-0.0006291625322774053,0.002412879141047597,53
2024-07-10,^HSI,2.27671698667109e-05,-0.008084946312010288,53
2024-07-11,^HSI,-0.0016774219693616033,0.011460410431027412,53
2024-07-12,^HSI,-0.0022922405041754246,0.015047610737383366,53
2024-07-15,^HSI,-0.00212532258592546,-0.010246044024825096,53
2024-07-16,^HSI,-0.002173973247408867,-0.006582540925592184,53
2024-07-17,^HSI,-0.0024629898834973574,-0.00013299303827807307,53
2024-07-18,^HSI,-0.002343442291021347,0.007066012360155582,53
2024-07-19,^HSI,-0.0016827461076900363,-0.01062906812876463,53
2024-07-22,^HSI,-0.0014476589858531952,0.009729141369462013,53
2024-07-23,^HSI,-0.0014131839852780104,-0.011960195377469063,53
2024-07-24,^HSI,-0.001206353073939681,-0.008248395286500454,53
2024-07-25,^HSI,-0.0013749648351222277,-0.01393842976540327,53
2024-07-26,^HSI,-0.0017132812645286322,-0.0034227422438561916,53
2024-07-29,^HSI,-0.002250545658171177,0.0024330420419573784,53
2024-07-30,^HSI,-0.00251489644870162,-0.011197439394891262,53
2024-07-31,^HSI,-0.002697061048820615,0.015908315777778625,53
2024-08-01,^HSI,4.179467214271426e-05,-0.0013217913219705224,54
2024-08-02,^HSI,-0.0003941382747143507,-0.004695221781730652,54
2024-08-05,^HSI,-0.0006455437978729606,0.0012907235650345683,54
2024-08-06,^HSI,-0.0006040949956513941,-0.012770666740834713,54
2024-08-07,^HSI,-0.0021416605450212955,0.01150578260421753,54
2024-08-08,^HSI,-0.0008633284596726298,0.007057297974824905,54
2024-08-09,^HSI,0.001026962068863213,-0.0004170464526396245,54
2024-08-12,^HSI,0.0020570755004882812,0.0005067961756139994,54
2024-08-13,^HSI,-0.00014035875210538507,0.0008067513699643314,54
2024-08-14,^HSI,0.0006895639235153794,-0.0070061818696558475,54
2024-08-15,^HSI,0.0002568424097262323,0.005916636437177658,54
2024-08-16,^HSI,-0.00041158284875564277,0.008302862755954266,54
2024-08-19,^HSI,0.0002895543002523482,-5.113586666993797e-06,54
2024-08-20,^HSI,-0.0004816519794985652,-0.008564027957618237,54
2024-08-21,^HSI,0.00013011234113946557,0.004446092061698437,54
2024-08-22,^HSI,-5.7885743444785476e-05,0.008160245604813099,54
2024-08-23,^HSI,-0.0006333416677080095,0.005175726488232613,54
2024-08-26,^HSI,2.1446961909532547e-05,0.005038927774876356,54
2024-08-27,^HSI,-2.9831891879439354e-05,0.011867230758070946,54
2024-08-28,^HSI,0.002306194743141532,-0.008752958849072456,54
2024-08-29,^HSI,-0.00014956845552660525,0.00971231423318386,54
2024-08-30,^HSI,3.857538104057312e-06,0.010879997164011002,54
2024-09-02,^HSI,0.00016634835628792644,-0.00959766935557127,55
2024-09-03,^HSI,-0.0015717281494289637,-0.0008176958654075861,55
2024-09-04,^HSI,-0.001970000099390745,-0.000996241346001625,55
2024-09-05,^HSI,-0.0013705890160053968,-0.0014698957093060017,55
2024-09-09,^HSI,-0.0013931000139564276,-0.0037685390561819077,55
2024-09-10,^HSI,-0.0017090389737859368,0.001664944109506905,55
2024-09-11,^HSI,-0.0009438272099941969,0.003329638624563813,55
2024-09-12,^HSI,-0.00015565735520794988,0.0036661329213529825,55
2024-09-13,^HSI,-0.0017130497144535184,0.004081082064658403,55
2024-09-16,^HSI,-0.00015301461098715663,0.009767930954694748,55
2024-09-17,^HSI,-0.001796712283976376,0.015594879165291786,55
2024-09-19,^HSI,-0.00043461270979605615,0.021277740597724915,55
2024-09-20,^HSI,0.0013558317441493273,0.010418545454740524,55
2024-09-23,^HSI,0.0008004562696442008,0.0005316895549185574,55
2024-09-24,^HSI,-0.00031115792808122933,0.022710038349032402,55
2024-09-25,^HSI,-0.0005920344265177846,-0.02393253520131111,55
2024-09-26,^HSI,-0.000714574649464339,0.03171588480472565,55
2024-09-27,^HSI,0.00020669377408921719,0.009034378454089165,55
2024-09-30,^HSI,-0.0025755935348570347,-0.001972648547962308,55
2024-10-02,^HSI,-0.0008958524558693171,0.052792634814977646,56
2024-10-03,^HSI,0.00025916803861036897,-0.016616959124803543,56
2024-10-04,^HSI,-0.0001246389001607895,0.032260119915008545,56
2024-10-07,^HSI,0.0001675169332884252,0.006577041931450367,56
2024-10-08,^HSI,0.0024977708235383034,-0.08788732439279556,56
2024-10-09,^HSI,-0.0008325043600052595,-0.031142091378569603,56
2024-10-10,^HSI,-0.0008054306381382048,0.009739571250975132,56
2024-10-14,^HSI,-0.0006349880713969469,-0.006416674703359604,56
2024-10-15,^HSI,0.002448416780680418,-0.03517349436879158,56
2024-10-16,^HSI,0.002231342252343893,0.007029165048152208,56
2024-10-17,^HSI,0.0009939988376572728,-0.019378168508410454,56
2024-10-18,^HSI,0.0007630323525518179,0.03409990668296814,56
2024-10-21,^HSI,-7.829949026927352e-06,-0.01225406676530838,56
2024-10-22,^HSI,0.0011325691593810916,0.0031983943190425634,56
2024-10-23,^HSI,0.00231151282787323,0.011370236985385418,56
2024-10-24,^HSI,0.001858128816820681,-0.004209441598504782,56
2024-10-25,^HSI,8.762534707784653e-05,0.00331781804561615,56
2024-10-28,^HSI,0.0009958570590242743,0.0003213791351299733,56
2024-10-29,^HSI,0.000978688127361238,-0.001392182894051075,56
2024-10-30,^HSI,0.0023851701989769936,-0.010052526369690895,56
2024-10-31,^HSI,-0.0007475238526239991,-0.00475647859275341,56
2024-11-01,^HSI,0.0005003432743251324,0.0038378036115318537,57
2024-11-04,^HSI,-0.00039915909292176366,-0.0008227887446992099,57
2024-11-05,^HSI,0.0004438906325958669,0.028832310810685158,57
2024-11-06,^HSI,0.0002347741974517703,-0.01226334273815155,57
2024-11-07,^HSI,0.0006237324560061097,0.0274320337921381,57
2024-11-08,^HSI,0.0012762011028826237,-0.022504756227135658,57
2024-11-11,^HSI,0.0004822583869099617,0.008297394029796124,57
2024-11-12,^HSI,0.00021350610768422484,-0.024251921102404594,57
2024-11-13,^HSI,0.0015042312443256378,0.007673306856304407,57
2024-11-14,^HSI,-4.119609366171062e-05,-0.009751184843480587,57
2024-11-15,^HSI,0.0006455570692196488,-0.003939933143556118,57
2024-11-18,^HSI,0.0022366896737366915,-0.0009644937235862017,57
2024-11-19,^HSI,9.702565148472786e-05,-0.0018362520495429635,57
2024-11-20,^HSI,-0.0011933855712413788,0.004150652326643467,57
2024-11-21,^HSI,-0.0011749655241146684,-0.0022895780857652426,57
2024-11-22,^HSI,0.001360124908387661,-0.01975065842270851,57
2024-11-25,^HSI,0.001859933603554964,-0.008130902424454689,57
2024-11-26,^HSI,0.0009678472997620702,0.005484910681843758,57
2024-11-27,^HSI,0.0003424843307584524,0.021453678607940674,57
2024-11-28,^HSI,0.0005866914289072156,-0.009825027547776699,57
2024-11-29,^HSI,0.002068065572530031,0.00397162139415741,57
2024-12-02,^HSI,-0.0006534387939609587,0.00553842494264245,58
2024-12-03,^HSI,-0.0005983778974041343,0.008185342885553837,58
2024-12-04,^HSI,-0.0005438153748400509,0.001029304345138371,58
2024-12-05,^HSI,-0.001138639752753079,-0.0009310742607340217,58
2024-12-06,^HSI,-0.0007944316603243351,0.012879953719675541,58
2024-12-09,^HSI,-0.0014362325891852379,0.03396950289607048,58
2024-12-10,^HSI,-0.001250276924110949,-0.036676276475191116,58
2024-12-11,^HSI,-0.0013898450415581465,-0.012300549075007439,58
2024-12-12,^HSI,-0.001319404225796461,0.009052474051713943,58
2024-12-13,^HSI,-0.0007586255669593811,-0.013279197737574577,58
2024-12-16,^HSI,-0.0010869939578697085,-0.00763616431504488,58
2024-12-17,^HSI,-0.0005379097419790924,0.0011402755044400692,58
2024-12-18,^HSI,-0.0017213176470249891,-0.0010057227918878198,58
2024-12-19,^HSI,-0.0016890392871573567,0.007235840428620577,58
2024-12-20,^HSI,-0.0015069730579853058,0.0011993921361863613,58
2024-12-23,^HSI,-0.0008517610840499401,0.0019876002334058285,58
2024-12-24,^HSI,-0.0014582325238734484,0.009337236173450947,58
2024-12-27,^HSI,-0.0007325801998376846,0.00034955452429130673,58
2024-12-30,^HSI,-0.001314710476435721,-0.004149272572249174,58
2024-12-31,^HSI,-0.0008362778462469578,0.0028250229079276323,58
2025-01-02,^HSI,-0.0008447188884019852,-0.01564798504114151,59
2025-01-03,^HSI,-0.000322538340697065,0.002611128380522132,59
2025-01-06,^HSI,-0.00020360258349683136,-0.008115069940686226,59
2025-01-07,^HSI,-0.0006564423674717546,-0.002766137011349201,59
2025-01-08,^HSI,-0.0011990063358098269,-0.005736669525504112,59
2025-01-09,^HSI,-0.001114437123760581,-0.0007008775137364864,59
2025-01-10,^HSI,-0.0008654864504933357,-0.013741557486355305,59
2025-01-13,^HSI,-0.0009380745468661189,-0.0023290349636226892,59
2025-01-14,^HSI,-0.0005077238893136382,0.016695432364940643,59
2025-01-15,^HSI,-0.0004188328457530588,0.007083536125719547,59
2025-01-16,^HSI,-0.0006542226765304804,0.0034876649733632803,59
2025-01-17,^HSI,-0.0004379971942398697,0.004347707144916058,59
2025-01-20,^HSI,-0.000878848135471344,0.0060996185056865215,59
2025-01-21,^HSI,-0.0006582368514500558,-0.0010830929968506098,59
2025-01-22,^HSI,-0.0005496883532032371,-0.010977638885378838,59
2025-01-23,^HSI,-0.001015750807709992,-0.00913352333009243,59
2025-01-24,^HSI,-0.0012055177940055728,0.011192561127245426,59
2025-01-27,^HSI,-0.0011975110974162817,0.003956271335482597,59
2025-01-28,^HSI,-0.0010755077237263322,-0.005539680831134319,59
2025-02-03,^HSI,-0.0021529255900532007,0.008363933302462101,60
2025-02-04,^HSI,-0.0014030614402145147,0.014616765081882477,60
2025-02-05,^HSI,-0.0013910781126469374,-0.011137373745441437,60
2025-02-06,^HSI,-0.001994531136006117,0.01410649809986353,60
2025-02-07,^HSI,-0.0016026166267693043,0.013098832219839096,60
2025-02-10,^HSI,-0.0013249657349660993,0.013960548676550388,60
2025-02-11,^HSI,-0.0013578955549746752,-0.016854731366038322,60
2025-02-12,^HSI,-0.0012468525674194098,0.015282763168215752,60
2025-02-13,^HSI,-0.0016707752365618944,-0.006594048347324133,60
2025-02-14,^HSI,-0.0012580575421452522,0.026576897129416466,60
2025-02-17,^HSI,-0.0016715382225811481,-0.006119751371443272,60
2025-02-18,^HSI,-0.0023134315852075815,0.013675478287041187,60
2025-02-19,^HSI,-0.002091814763844013,0.007295443210750818,60
2025-02-20,^HSI,-0.0017966439481824636,-0.0061699943616986275,60
2025-02-21,^HSI,-0.0007781798485666513,0.016659509390592575,60
2025-02-24,^HSI,-0.001730645541101694,-0.005576634779572487,60
2025-02-25,^HSI,-0.0021651352290064096,0.013881560415029526,60
2025-02-26,^HSI,-0.002399119781330228,0.023374801501631737,60
2025-02-27,^HSI,-0.0017095517832785845,-0.0027561334427446127,60
2025-02-28,^HSI,-0.0008676686557009816,-0.028992392122745514,60
2025-03-03,^HSI,-0.001096897292882204,-0.0055850050412118435,61
2025-03-04,^HSI,-0.0006879201391711831,0.011552930809557438,61
2025-03-05,^HSI,-0.000768012716434896,0.01683100499212742,61
2025-03-06,^HSI,-0.0006665133405476809,0.015825243666768074,61
2025-03-07,^HSI,0.000180500908754766,0.002035855781286955,61
2025-03-10,^HSI,-0.00041065202094614506,-0.013883057981729507,61
2025-03-11,^HSI,0.0004490175051614642,0.021561123430728912,61
2025-03-12,^HSI,-0.0008910387987270951,-0.01091129332780838,61
2025-03-13,^HSI,-0.0007711835205554962,-0.006528613623231649,61
2025-03-14,^HSI,-0.0006886795745231211,0.012881046161055565,61
2025-03-17,^HSI,-0.00023535995569545776,-0.003325497265905142,61
2025-03-18,^HSI,0.0005843905964866281,0.0024775732308626175,61
2025-03-19,^HSI,0.00024140247842296958,0.002971968613564968,61
2025-03-20,^HSI,0.00021049095084890723,-0.02177612856030464,61
2025-03-21,^HSI,-0.00015586087829433382,-0.01754690334200859,61
2025-03-24,^HSI,0.00025098433252424,0.006546241231262684,61
2025-03-25,^HSI,-0.00010754013783298433,-0.01272993441671133,61
2025-03-26,^HSI,-6.34661118965596e-05,0.0009803147986531258,61
2025-03-27,^HSI,0.0006558879977092147,0.0014829982537776232,61
2025-03-28,^HSI,-2.8060254408046603e-05,-0.010455455631017685,61
2025-03-31,^HSI,0.00011002866085618734,-0.003777106059715152,61
2025-04-01,^HSI,-0.0007763853645883501,-0.00044242385774850845,62
2025-04-02,^HSI,0.00037038614391349256,0.0015190372942015529,62
2025-04-03,^HSI,-0.0004125741543248296,0.00930359773337841,62
2025-04-07,^HSI,-0.0013660002732649446,-0.044474124908447266,62
2025-04-08,^HSI,-0.0030486851464957,-0.0014814299065619707,62
2025-04-09,^HSI,-0.0029304646886885166,0.038716189563274384,62
2025-04-10,^HSI,-0.0015959483571350574,-0.006201202981173992,62
2025-04-11,^HSI,-0.00026014354079961777,0.01722639426589012,62
2025-04-14,^HSI,-0.0011521746637299657,0.002502008341252804,62
2025-04-15,^HSI,-0.000819768407382071,-0.006373398471623659,62
2025-04-16,^HSI,-0.00016457664605695754,-0.012247927486896515,62
2025-04-17,^HSI,0.00010634062346071005,0.015464980155229568,62
2025-04-22,^HSI,-0.001841439283452928,0.012075524777173996,62
2025-04-23,^HSI,-0.0012259137583896518,-0.00034291419433429837,62
2025-04-24,^HSI,-0.0021151432301849127,-0.005479798652231693,62
2025-04-25,^HSI,0.0015927189961075783,-0.004525498021394014,62
2025-04-28,^HSI,-0.0008632687386125326,-0.004558538552373648,62
2025-04-29,^HSI,-0.00017816171748563647,-0.002960429759696126,62
2025-04-30,^HSI,-0.0013788690557703376,0.0036541293375194073,62
2025-05-02,^HSI,-0.00031817841227166355,0.013968439772725105,63
2025-05-06,^HSI,-0.0004842793568968773,0.0038086597342044115,63
2025-05-07,^HSI,-0.0005056087393313646,-0.020843815058469772,63
2025-05-08,^HSI,-0.0011602230370044708,0.008234978653490543,63
2025-05-09,^HSI,-0.0009178853943012655,0.0005043001146987081,63
2025-05-12,^HSI,-0.0009255684562958777,0.015648717060685158,63
2025-05-13,^HSI,-0.0007771688397042453,-0.016573231667280197,63
2025-05-14,^HSI,-0.00010397532605566084,0.013808618299663067,63
2025-05-15,^HSI,-0.0003653589519672096,-0.008121069520711899,63
2025-05-16,^HSI,-0.00017704357742331922,0.004115994554013014,63
2025-05-19,^HSI,-0.0009835093514993787,0.00759113160893321,63
2025-05-20,^HSI,-0.000513700011651963,0.012027837336063385,63
2025-05-21,^HSI,-0.0003429782809689641,0.003841111669316888,63
2025-05-22,^HSI,-0.0004494324093684554,-0.008638541214168072,63
2025-05-23,^HSI,-0.0006685510743409395,0.0018609068356454372,63
2025-05-26,^HSI,0.00020604644669219851,-0.009556762874126434,63
2025-05-27,^HSI,-0.00038051235605962574,0.007086945232003927,63
2025-05-28,^HSI,0.00032173487124964595,-0.00543996412307024,63
2025-05-29,^HSI,-7.394261774607003e-05,0.014212623238563538,63
2025-05-30,^HSI,-0.0005851071910001338,-0.0021390412002801895,63
2025-06-02,^HSI,0.0013838638551533222,0.0049726697616279125,64
2025-06-03,^HSI,0.0015760232927277684,0.00988992303609848,64
2025-06-04,^HSI,0.0016580382362008095,0.006542442832142115,64
2025-06-05,^HSI,0.00040439239819534123,0.0032797837629914284,64
2025-06-06,^HSI,0.0018044982571154833,-0.006244244985282421,64
2025-06-09,^HSI,0.0017325493972748518,0.008467450737953186,64
2025-06-10,^HSI,0.001092427526600659,-0.0028284993022680283,64
2025-06-11,^HSI,0.001375870080664754,0.007233369164168835,64
2025-06-12,^HSI,0.0003731355245690793,-0.007780566345900297,64
2025-06-13,^HSI,0.0015826970338821411,-0.0028107299003750086,64
2025-06-16,^HSI,0.0016430146060883999,0.011251342482864857,64
2025-06-17,^HSI,0.0014386631082743406,-0.00528365932404995,64
2025-06-18,^HSI,0.0010982782114297152,-0.006258611101657152,64
2025-06-19,^HSI,0.0017937764059752226,-0.01631694659590721,64
2025-06-20,^HSI,0.0009292580652981997,0.010212411172688007,64
2025-06-23,^HSI,0.0018970055971294641,0.015040104277431965,64
2025-06-24,^HSI,0.0007343200268223882,0.014344810508191586,64
2025-06-25,^HSI,0.0016064492519944906,0.006018137559294701,64
2025-06-26,^HSI,0.0005838501965627074,-0.0008172751404345036,64
2025-06-27,^HSI,0.0014592374209314585,-0.006854972802102566,64
2025-06-30,^HSI,0.0008874064078554511,-0.008382371626794338,64
2025-07-02,^HSI,-0.00016961032815743238,-0.003416764084249735,65
2025-07-03,^HSI,-0.0008083683205768466,-0.006804394535720348,65
2025-07-04,^HSI,4.516937769949436e-05,0.000642916711512953,65
2025-07-07,^HSI,0.0004887508694082499,0.0024721124209463596,65
2025-07-08,^HSI,-0.00022865890059620142,0.009174822829663754,65
2025-07-09,^HSI,-0.00011850681039504707,-0.007038519252091646,65
2025-07-10,^HSI,-0.00021709430438932031,0.006795385852456093,65
2025-07-11,^HSI,-0.000963059370405972,0.004419572651386261,65
2025-07-14,^HSI,-0.0009242158848792315,0.004254322033375502,65
2025-07-15,^HSI,-0.0013620133977383375,0.01261185947805643,65
2025-07-16,^HSI,-0.00038447530823759735,-0.007569486275315285,65
2025-07-17,^HSI,-0.0012949153315275908,-0.0019626817665994167,65
2025-07-18,^HSI,-0.0012799352407455444,0.002735996153205633,65
2025-07-21,^HSI,-9.441874863114208e-05,0.00012003533629467711,65
2025-07-22,^HSI,-0.00149090017657727,0.0041910018771886826,65
2025-07-23,^HSI,-0.0015922950115054846,0.007458594627678394,65
2025-07-24,^HSI,-0.0004464892263058573,0.005428586155176163,65
2025-07-25,^HSI,1.3738666893914342e-05,-0.005626110825687647,65
2025-07-28,^HSI,-0.0003522897604852915,0.004047818016260862,65
2025-07-29,^HSI,-0.0009742993861436844,0.0027312736492604017,65
2025-07-30,^HSI,-0.0006777365342713892,-0.006267078220844269,65
2025-07-31,^HSI,-0.0004725976032204926,-0.008422681130468845,65
2025-08-01,^HSI,-0.0012890760554000735,-0.009604904800653458,66
2025-08-04,^HSI,-0.00113207520917058,0.012267675250768661,66
2025-08-05,^HSI,-0.0012988871894776821,0.006272762548178434,66
2025-08-06,^HSI,-0.0012145405635237694,0.0018676317995414138,66
2025-08-07,^HSI,-0.0009218580671586096,0.003960160072892904,66
2025-08-08,^HSI,-0.0011233093682676554,-0.004394811112433672,66
2025-08-11,^HSI,-0.0007769037620164454,-0.0015942853642627597,66
2025-08-12,^HSI,-0.0013352230889722705,0.005848516710102558,66
2025-08-13,^HSI,-0.0005731989513151348,0.017214395105838776,66
2025-08-14,^HSI,-0.0015776841901242733,-0.009643997997045517,66
2025-08-15,^HSI,-0.0013667448656633496,-0.0020568128675222397,66
2025-08-18,^HSI,-0.001289478037506342,-0.004616207908838987,66
2025-08-19,^HSI,-0.0016367437783628702,-0.00470131216570735,66
2025-08-20,^HSI,-0.001399658271111548,0.007873624563217163,66
2025-08-21,^HSI,-0.0015160087496042252,-0.004443896934390068,66
2025-08-22,^HSI,-0.00099823041819036,0.005306323058903217,66
2025-08-25,^HSI,-0.0014136723475530744,0.008672029711306095,66
2025-08-26,^HSI,-0.0012979144230484962,-0.007415758445858955,66
2025-08-27,^HSI,-0.0010495049646124244,-0.016700267791748047,66
2025-08-28,^HSI,-0.0007810007082298398,-0.0012680055806413293,66
2025-08-29,^HSI,-0.0007223742431961,-0.0007107430137693882,66
2025-09-01,^HSI,-0.002201642142608762,0.004272188059985638,67
2025-09-02,^HSI,-0.0015251233708113432,-0.0035791671834886074,67
2025-09-03,^HSI,-0.0013290408533066511,-0.012439193204045296,67
2025-09-04,^HSI,-0.0020292680710554123,-0.01703863963484764,67
2025-09-05,^HSI,-0.0008399140788242221,0.011146177537739277,67
2025-09-08,^HSI,-0.0019110889406874776,0.007592968177050352,67
2025-09-09,^HSI,-0.0027932189404964447,0.008792469277977943,67
2025-09-10,^HSI,-0.0019402123289182782,0.0060429563745856285,67
2025-09-11,^HSI,-0.0002322796790394932,0.0037957734894007444,67
2025-09-12,^HSI,-0.0014266478829085827,-0.005716477055102587,67
2025-09-15,^HSI,-0.0024658958427608013,0.0052184429951012135,67
2025-09-16,^HSI,-0.0006548396195285022,-0.0037044244818389416,67
2025-09-17,^HSI,-0.0002919964608736336,0.013250626623630524,67
2025-09-18,^HSI,-0.0016791195375844836,-0.011939799413084984,67
2025-09-19,^HSI,-0.0007486877730116248,-0.0014278573216870427,67
2025-09-22,^HSI,-0.0012126084184274077,-0.0043701170943677425,67
2025-09-23,^HSI,-0.001237282296642661,-0.01051297876983881,67
2025-09-24,^HSI,-0.0016505095409229398,0.01692153513431549,67
2025-09-25,^HSI,-0.0018973404075950384,-0.0019407921936362982,67
2025-09-26,^HSI,-0.0002694717841222882,-0.0055000209249556065,67
2025-09-29,^HSI,-0.001364152180030942,0.011382261291146278,67
2025-09-30,^HSI,-0.001161137130111456,0.006777583621442318,67
2025-10-02,^HSI,-0.0018855941016227007,0.013608383014798164,68
2025-10-03,^HSI,-0.0017788372933864594,-0.0029631180223077536,68
2025-10-06,^HSI,-0.002237105742096901,-0.0017104876460507512,68
2025-10-08,^HSI,-0.002021965803578496,-0.002649528905749321,68
2025-10-09,^HSI,-0.002154037356376648,-0.004082453902810812,68
2025-10-10,^HSI,-0.0016676713712513447,-0.008845037780702114,68
2025-10-13,^HSI,-0.0018972039688378572,0.009917131625115871,68
2025-10-14,^HSI,-0.0019170662853866816,-0.020535854622721672,68
2025-10-15,^HSI,-0.0017717101145535707,0.0075819105841219425,68
2025-10-16,^HSI,-0.002148604253306985,-5.7939083490055054e-05,68
2025-10-17,^HSI,-0.0017418393399566412,-0.023674342781305313,68
2025-10-20,^HSI,-0.0020953728817403316,-0.0009906931081786752,68
2025-10-21,^HSI,-0.0014070833567529917,-0.00508508738130331,68
2025-10-22,^HSI,-0.002229297300800681,-0.004483404569327831,68
2025-10-23,^HSI,-0.0005625680787488818,0.00965254195034504,68
2025-10-24,^HSI,-0.000952696951571852,-0.0006480654701590538,68
2025-10-27,^HSI,-0.0026114073116332293,-0.002352990908548236,68
2025-10-28,^HSI,-0.0020860477816313505,-0.006153068970888853,68
2025-10-30,^HSI,-0.0024002771824598312,-0.009965533390641212,68
2025-10-31,^HSI,-0.0015606877859681845,-0.013661769218742847,68
2025-11-03,^HSI,-0.0005591448862105608,0.006104198284447193,69
2025-11-04,^HSI,-0.0004172351327724755,-0.007511288858950138,69
2025-11-05,^HSI,0.0004230642516631633,0.009054775349795818,69
2025-11-06,^HSI,9.002361912280321e-05,0.016150329262018204,69
2025-11-07,^HSI,4.8774381866678596e-05,-0.004141661338508129,69
2025-11-10,^HSI,-0.00031475108698941767,0.01244757417589426,69
2025-11-11,^HSI,-0.00054070824990049,-0.0019339577993378043,69
2025-11-12,^HSI,-0.0006159053882583976,0.006252184975892305,69
2025-11-13,^HSI,-0.0008677629521116614,0.010902062989771366,69
2025-11-14,^HSI,-0.0005985094467177987,-0.0033005867153406143,69
2025-11-17,^HSI,-0.001018982962705195,-0.0021739283110946417,69
2025-11-18,^HSI,-0.0002587268827483058,-0.00929870642721653,69
2025-11-19,^HSI,-0.0003198304621037096,-0.004772833548486233,69
2025-11-20,^HSI,-0.00022966068354435265,-0.006335812620818615,69
2025-11-21,^HSI,5.5610755225643516e-05,-0.00948698166757822,69
2025-11-24,^HSI,0.0006866153562441468,0.010304336436092854,69
2025-11-25,^HSI,-0.00018879826529882848,-0.0020966825541108847,69
2025-11-26,^HSI,7.50530743971467e-05,-0.004566071089357138,69
2025-11-27,^HSI,-0.0008108062902465463,1.5055461517476942e-05,69
2025-11-28,^HSI,-0.0012114022392779589,-0.005867380183190107,69
2025-12-01,^HSI,-0.00047499831998720765,0.0033625306095927954,70
2025-12-02,^HSI,-0.0003626669349614531,-0.00357665098272264,70
2025-12-03,^HSI,0.00028204676345922053,-0.008510034531354904,70
2025-12-04,^HSI,-0.0007155142375268042,0.00509822741150856,70
2025-12-05,^HSI,-0.00039984812610782683,0.009706527926027775,70
2025-12-08,^HSI,-0.00021931948140263557,-0.011672183871269226,70
2025-12-09,^HSI,-0.00013332406524568796,-0.013540727086365223,70
2025-12-10,^HSI,-8.851524034980685e-05,0.004130910616368055,70
2025-12-11,^HSI,3.2632669899612665e-06,-0.00702952453866601,70
2025-12-12,^HSI,-0.0006319809472188354,0.008325769565999508,70
2025-12-15,^HSI,-0.0007463304209522903,-0.003476729616522789,70
2025-12-16,^HSI,-0.000335708144120872,-0.012307727709412575,70
2025-12-17,^HSI,-0.0006466630147770047,0.008881105110049248,70
2025-12-18,^HSI,-0.0007601747056469321,0.006582915782928467,70
2025-12-19,^HSI,-0.00042802689131349325,0.002194209024310112,70
2025-12-22,^HSI,-0.00043354526860639453,0.0002259820612380281,70
2025-12-23,^HSI,-0.00039361033122986555,-0.003938398323953152,70
2025-12-24,^HSI,7.141672540456057e-06,0.0015054491814225912,70
2025-12-29,^HSI,-0.0005178444553166628,-0.011390219442546368,70
2025-12-30,^HSI,-0.00011818442726507783,0.008475287817418575,70
2025-12-31,^HSI,0.00043941932381130755,-0.006647678557783365,70
2026-01-02,^HSI,-0.0013807335635647178,0.02386205457150936,71
2026-01-05,^HSI,-0.0013270972995087504,-0.000538781052455306,71
2026-01-06,^HSI,-0.0013502875808626413,0.00781953614205122,71
2026-01-07,^HSI,-0.0014904116978868842,-0.005385567434132099,71
2026-01-08,^HSI,-0.0011390171712264419,-0.0058517856523394585,71
2026-01-09,^HSI,-0.001035901252180338,-0.0015522532630711794,71
2026-01-12,^HSI,-0.0008902455447241664,0.008743633516132832,71
2026-01-13,^HSI,-0.0012323580449447036,-0.004090508911758661,71
2026-01-14,^HSI,-0.001278645358979702,0.001031644525937736,71
2026-01-15,^HSI,-0.0013298133853822947,-0.0018086784984916449,71
2026-01-16,^HSI,-0.000586771231610328,-0.009265529923141003,71
2026-01-19,^HSI,-0.0010483363876119256,-0.0029207232873886824,71
2026-01-20,^HSI,-0.0014275474241003394,-0.002164361299946904,71
2026-01-21,^HSI,-0.001198468846268952,0.0070975772105157375,71
2026-01-22,^HSI,-0.0014789855340495706,-0.004516596905887127,71
2026-01-23,^HSI,-0.0013846979709342122,-0.004172652959823608,71
2026-01-26,^HSI,-0.001418025465682149,-0.002929312875494361,71
2026-01-27,^HSI,-0.0016744283493608236,0.009772196412086487,71
2026-01-28,^HSI,-0.0012429120251908898,0.018168916925787926,71
2026-01-29,^HSI,-0.0019754390232264996,0.012266697362065315,71
2026-01-30,^HSI,-0.00200476567260921,-0.014459151774644852,71
2026-02-02,^HSI,-0.000869865296408534,-0.01194564625620842,72
2026-02-03,^HSI,8.932704804465175e-05,-0.005981390830129385,72
2026-02-04,^HSI,0.00013296716497279704,0.0018741778330877423,72
2026-02-05,^HSI,1.5369412722066045e-05,0.009616059251129627,72
2026-02-06,^HSI,1.103716203942895e-05,0.0077714514918625355,72
2026-02-09,^HSI,0.0004609525785781443,0.0016541463555768132,72
2026-02-10,^HSI,0.00014583149459213018,-0.0007285149767994881,72
2026-02-11,^HSI,-0.0007276503019966185,0.0007411566330119967,72
2026-02-12,^HSI,-0.0010211203480139375,-0.006563862320035696,72
2026-02-13,^HSI,-0.0005104006268084049,-0.0027455289382487535,72
2026-02-16,^HSI,-0.00012314207560848445,0.0076960064470767975,72
2026-02-20,^HSI,9.03325853869319e-05,-0.009213736280798912,72
2026-02-23,^HSI,0.00023662735475227237,0.010502503253519535,72
2026-02-24,^HSI,-7.763504981994629e-05,-0.0120874447748065,72
2026-02-25,^HSI,9.234846220351756e-05,0.0007670017657801509,72
2026-02-26,^HSI,-0.00038175954250618815,-0.02392292395234108,72
2026-02-27,^HSI,-0.00031105740345083177,0.006913991644978523,72
2026-03-02,^HSI,-0.002568768337368965,-0.009385285899043083,73
2026-03-03,^HSI,-0.0012920594308525324,-0.016250312328338623,73
2026-03-04,^HSI,-0.0017076957738026977,-0.008669789880514145,73
2026-03-05,^HSI,-0.002037512604147196,-0.0103059783577919,73
2026-03-06,^HSI,-0.001072590472176671,0.01560129038989544,73
2026-03-09,^HSI,-0.0015569139504805207,0.013181372545659542,73
2026-03-10,^HSI,-0.0019520459463819861,0.00849562231451273,73
2026-03-11,^HSI,-0.0020916173234581947,-0.008202963508665562,73
2026-03-12,^HSI,-0.0006953170523047447,-0.00010540965013206005,73
2026-03-13,^HSI,-0.0011645054910331964,-0.004621090833097696,73
2026-03-16,^HSI,-0.0011419104412198067,0.015516120009124279,73
2026-03-17,^HSI,-0.0006072721444070339,-0.002698118332773447,73
2026-03-18,^HSI,-0.0010389677481725812,0.003942014183849096,73
2026-03-19,^HSI,-0.0007077628979459405,-0.001958055654540658,73
2026-03-20,^HSI,-0.0016078409971669316,-0.002369237830862403,73
2026-03-23,^HSI,-0.0010198609670624137,-0.016541218385100365,73
2026-03-24,^HSI,-0.002029668539762497,0.012198830023407936,73
2026-03-25,^HSI,-0.0013467884855344892,0.0021901847794651985,73
2026-03-26,^HSI,-0.0012704071123152971,-0.01638907566666603,73
2026-03-27,^HSI,-0.000330111215589568,0.007370053790509701,73
2026-03-30,^HSI,-0.001664510229602456,0.008844349533319473,73
2026-03-31,^HSI,-0.0019988026469945908,-0.0012118853628635406,73
2026-04-01,^HSI,0.0003144698857795447,-0.002495543332770467,74
2026-04-02,^HSI,-0.0006400314159691334,-0.005477803759276867,74
2026-04-08,^HSI,-0.0007767239585518837,0.004663034807890654,74
2026-04-09,^HSI,-0.0006431197980418801,-0.00015569242532365024,74
2026-04-10,^HSI,-0.001070063328370452,6.404131272574887e-05,74
2026-04-13,^HSI,-0.0003603148215916008,-0.00186067761387676,74
2026-04-14,^HSI,-0.0004733976675197482,-0.0022037916351109743,74
2026-04-15,^HSI,-0.0009116327855736017,-0.008478502742946148,74
2026-04-16,^HSI,0.0002555586106609553,0.010338027030229568,74
